{"name":"eb6186ae-321e-443b-befa-7091046290d8","id":"/providers/Microsoft.Flow/flows/eb6186ae-321e-443b-befa-7091046290d8","type":"Microsoft.Flow/flows","properties":{"apiId":"/providers/Microsoft.PowerApps/apis/shared_logicflows","displayName":"Create a task from a new account","definition":{"metadata":{"workflowEntityId":null,"processAdvisorMetadata":null,"flowclientsuspensionreason":"None","flowclientsuspensiontime":null,"flowclientsuspensionreasondetails":null,"creator":{"id":"69f6bffa-1b70-4014-8065-322a9dd10c2d","type":"User","tenantId":"cb8d0f5e-295e-44f1-8cab-184ae827c864"},"provisioningMethod":"FromDefinition","failureAlertSubscription":true,"clientLastModifiedTime":"2022-10-03T12:33:11.9865621Z"},"$schema":"https://schema.management.azure.com/providers/Microsoft.Logic/schemas/2016-06-01/workflowdefinition.json#","contentVersion":"1.0.0.0","parameters":{"$connections":{"defaultValue":{},"type":"Object"},"$authentication":{"defaultValue":{},"type":"SecureObject"}},"triggers":{"When_a_row_is_added,_modified_or_deleted":{"metadata":{"operationMetadataId":"b6c91145-4507-42a3-9ffa-188e2e05a259"},"type":"OpenApiConnectionWebhook","inputs":{"host":{"apiId":"/providers/Microsoft.PowerApps/apis/shared_commondataserviceforapps","connectionName":"shared_commondataserviceforapps","operationId":"SubscribeWebhookTrigger"},"parameters":{"subscriptionRequest/message":1,"subscriptionRequest/entityname":"account","subscriptionRequest/scope":4},"authentication":"@parameters('$authentication')"}}},"actions":{"Add_a_new_row":{"runAfter":{},"metadata":{"operationMetadataId":"e632cabb-8bf6-4c4c-a0ce-cf9796d74f41"},"type":"OpenApiConnection","inputs":{"host":{"apiId":"/providers/Microsoft.PowerApps/apis/shared_commondataserviceforapps","connectionName":"shared_commondataserviceforapps","operationId":"CreateRecord"},"parameters":{"entityName":"tasks","item/subject":"@triggerOutputs()?['body/name']"},"authentication":"@parameters('$authentication')"}}}},"connectionReferences":{"shared_commondataserviceforapps":{"connectionName":"shared-commondataser-9a2a482b-2397-45b3-bcc2-2f4b8843c480","source":"Embedded","id":"/providers/Microsoft.PowerApps/apis/shared_commondataserviceforapps","tier":"NotSpecified"}},"flowFailureAlertSubscribed":false,"isManaged":false}}