{"name":"229ae871-9e47-44c7-acaf-677e800eb3d8","id":"/providers/Microsoft.Flow/flows/229ae871-9e47-44c7-acaf-677e800eb3d8","type":"Microsoft.Flow/flows","properties":{"apiId":"/providers/Microsoft.PowerApps/apis/shared_logicflows","displayName":"Calculate Total Price to carpet a room","definition":{"metadata":{"workflowEntityId":null,"processAdvisorMetadata":null,"flowclientsuspensionreason":"None","flowclientsuspensiontime":null,"flowclientsuspensionreasondetails":null,"creator":{"id":"69f6bffa-1b70-4014-8065-322a9dd10c2d","type":"User","tenantId":"cb8d0f5e-295e-44f1-8cab-184ae827c864"},"provisioningMethod":"FromDefinition","failureAlertSubscription":true,"clientLastModifiedTime":"2022-10-05T13:37:03.6089958Z"},"$schema":"https://schema.management.azure.com/providers/Microsoft.Logic/schemas/2016-06-01/workflowdefinition.json#","contentVersion":"1.0.0.0","parameters":{"$authentication":{"defaultValue":{},"type":"SecureObject"}},"triggers":{"manual":{"metadata":{"operationMetadataId":"debe6206-10f2-4c69-a88f-a92360d66999"},"type":"Request","kind":"Button","inputs":{"schema":{"type":"object","properties":{"number":{"title":"Square Footage","type":"number","x-ms-dynamically-added":true,"description":"Please enter a number","x-ms-content-hint":"NUMBER"},"number_1":{"title":"Cost","type":"number","x-ms-dynamically-added":true,"description":"Please enter a number","x-ms-content-hint":"NUMBER"}},"required":["number","number_1"]}}}},"actions":{"Calculate_Total_Price_to_carpet_a_room":{"runAfter":{},"metadata":{"operationMetadataId":"9d2616f7-9104-494d-83cc-d7099da87161"},"type":"Compose","inputs":"@mul(triggerBody()['number'],triggerBody()['number_1'])","description":"mul(triggerBody()['number'],triggerBody()['number_1'])"},"Converting_it_to_currency":{"runAfter":{"Calculate_Total_Price_to_carpet_a_room":["Succeeded"]},"metadata":{"operationMetadataId":"c9111394-6372-4760-a383-9676d8f9d33d"},"type":"Compose","inputs":"@formatNumber(outputs('Calculate_Total_Price_to_carpet_a_room'),'C2')"}},"outputs":{}},"connectionReferences":{},"flowFailureAlertSubscribed":false,"isManaged":false}}