{"name":"358984a3-27b9-4411-95fc-42cb389878b4","id":"/providers/Microsoft.Flow/flows/358984a3-27b9-4411-95fc-42cb389878b4","type":"Microsoft.Flow/flows","properties":{"apiId":"/providers/Microsoft.PowerApps/apis/shared_logicflows","displayName":"Recurrence -> Add a row into a table","definition":{"metadata":{"workflowEntityId":null,"processAdvisorMetadata":null,"flowclientsuspensionreason":"None","flowclientsuspensiontime":null,"flowclientsuspensionreasondetails":null,"creator":{"id":"69f6bffa-1b70-4014-8065-322a9dd10c2d","type":"User","tenantId":"cb8d0f5e-295e-44f1-8cab-184ae827c864"},"provisioningMethod":"FromDefinition","failureAlertSubscription":true,"clientLastModifiedTime":"2022-09-29T14:01:43.2321195Z"},"$schema":"https://schema.management.azure.com/providers/Microsoft.Logic/schemas/2016-06-01/workflowdefinition.json#","contentVersion":"1.0.0.0","parameters":{"$connections":{"defaultValue":{},"type":"Object"},"$authentication":{"defaultValue":{},"type":"SecureObject"}},"triggers":{"Recurrence":{"recurrence":{"frequency":"Minute","interval":2,"timeZone":"Pakistan Standard Time","startTime":"2022-09-29T13:00:00.000Z"},"metadata":{"operationMetadataId":"8aaf82dc-f2f7-4011-938e-ff65bcffba9e"},"type":"Recurrence"}},"actions":{"Add_a_row_into_a_table":{"runAfter":{},"metadata":{"01JDGP3ETFFNMUIAJQGJEJUCJDNZIOFENY":"/Test Flow.xlsx","operationMetadataId":"b57b58ed-c3f3-4c19-9603-f8b9f475d5c6","tableId":"{41D659C0-D468-4291-B683-BFAFE26448B6}"},"type":"OpenApiConnection","inputs":{"host":{"apiId":"/providers/Microsoft.PowerApps/apis/shared_excelonlinebusiness","connectionName":"shared_excelonlinebusiness","operationId":"AddRowV2"},"parameters":{"source":"me","drive":"b!-jBZeipfH0ufbP18ovVmSOllqRZ3p-9No1y3SMVzSENVvA9Lixd8Tp8Hq-qgqHUN","file":"01JDGP3ETFFNMUIAJQGJEJUCJDNZIOFENY","table":"{41D659C0-D468-4291-B683-BFAFE26448B6}","dateTimeFormat":"ISO 8601","item/Employee ID":"006","item/Employee Name":"Javed","item/Salary":"60000"},"authentication":"@parameters('$authentication')"}},"List_rows":{"runAfter":{"Add_a_row_into_a_table":["Succeeded"]},"metadata":{"operationMetadataId":"cacdab9c-892b-4344-b973-dc47023eeb61"},"type":"OpenApiConnection","inputs":{"host":{"apiId":"/providers/Microsoft.PowerApps/apis/shared_commondataserviceforapps","connectionName":"shared_commondataserviceforapps","operationId":"ListRecords"},"parameters":{"entityName":"cr675_projects"},"authentication":"@parameters('$authentication')"}},"Compose":{"runAfter":{"List_rows":["Succeeded"]},"metadata":{"operationMetadataId":"560e6030-6ed2-43ce-ae57-c0f81e9673c5"},"type":"Compose","inputs":[0,1,2,3,4,5,6,7,8,9]}}},"connectionReferences":{"shared_excelonlinebusiness":{"connectionName":"shared-excelonlinebu-ac0acf6e-e695-4f2d-aa1a-7318426b4ed1","source":"Embedded","id":"/providers/Microsoft.PowerApps/apis/shared_excelonlinebusiness","tier":"NotSpecified"},"shared_commondataserviceforapps":{"connectionName":"shared-commondataser-9a2a482b-2397-45b3-bcc2-2f4b8843c480","source":"Embedded","id":"/providers/Microsoft.PowerApps/apis/shared_commondataserviceforapps","tier":"NotSpecified"}},"flowFailureAlertSubscribed":false,"isManaged":false}}