<ImportExportXml xmlns:xsi="http://www.w3.org/2001/XMLSchema-instance">
  <Entities>
    <Entity>
      <Name LocalizedName="Account" OriginalName="">Account</Name>
      <EntityInfo>
        <entity Name="Account" unmodified="1">
          <attributes />
        </entity>
      </EntityInfo>
      <RibbonDiffXml>
        <CustomActions>
          <CustomAction Id="cr675.account.AlertHello.Button.CustomAction" Location="Mscrm.Form.account.MainTab.Save.Controls._children" Sequence="45">
            <CommandUIDefinition>
              <Button Alt="$LocLabels:cr675.account.AlertHello.Button.Alt" Command="cr675.account.AlertCmd.Command" Id="cr675.account.AlertHello.Button" LabelText="$LocLabels:cr675.account.AlertHello.Button.LabelText" Sequence="45" TemplateAlias="o1" ToolTipTitle="$LocLabels:cr675.account.AlertHello.Button.ToolTipTitle" ToolTipDescription="$LocLabels:cr675.account.AlertHello.Button.ToolTipDescription" />
            </CommandUIDefinition>
          </CustomAction>
          <CustomAction Id="cr675.account.Hide Fax.Button.CustomAction" Location="Mscrm.Form.account.MainTab.Save.Controls._children" Sequence="45">
            <CommandUIDefinition>
              <Button Alt="$LocLabels:cr675.account.Hide Fax.Button.Alt" Command="cr675.account.HideFaxCmd.Command" Id="cr675.account.Hide Fax.Button" LabelText="$LocLabels:cr675.account.Hide Fax.Button.LabelText" Sequence="45" TemplateAlias="o1" ToolTipTitle="$LocLabels:cr675.account.Hide Fax.Button.ToolTipTitle" ToolTipDescription="$LocLabels:cr675.account.Hide Fax.Button.ToolTipDescription" />
            </CommandUIDefinition>
          </CustomAction>
        </CustomActions>
        <Templates>
          <RibbonTemplates Id="Mscrm.Templates"></RibbonTemplates>
        </Templates>
        <CommandDefinitions>
          <CommandDefinition Id="cr675.account.AlertCmd.Command">
            <EnableRules />
            <DisplayRules />
            <Actions>
              <JavaScriptFunction FunctionName="msgOnRibBtnClick" Library="$webresource:cr675_msgOnRibBtnClick">
                <CrmParameter Value="PrimaryControl" />
              </JavaScriptFunction>
            </Actions>
          </CommandDefinition>
          <CommandDefinition Id="cr675.account.HideFaxCmd.Command">
            <EnableRules />
            <DisplayRules />
            <Actions>
              <JavaScriptFunction FunctionName="hideOnRbnBtnClick" Library="$webresource:pg_hideOnRbnBtnClick">
                <CrmParameter Value="PrimaryControl" />
              </JavaScriptFunction>
            </Actions>
          </CommandDefinition>
        </CommandDefinitions>
        <RuleDefinitions>
          <TabDisplayRules />
          <DisplayRules />
          <EnableRules />
        </RuleDefinitions>
        <LocLabels>
          <LocLabel Id="cr675.account.AlertHello.Button.Alt">
            <Titles>
              <Title description="AlertHello" languagecode="1033" />
            </Titles>
          </LocLabel>
          <LocLabel Id="cr675.account.AlertHello.Button.LabelText">
            <Titles>
              <Title description="AlertHello" languagecode="1033" />
            </Titles>
          </LocLabel>
          <LocLabel Id="cr675.account.AlertHello.Button.ToolTipDescription">
            <Titles>
              <Title description="AlertHello" languagecode="1033" />
            </Titles>
          </LocLabel>
          <LocLabel Id="cr675.account.AlertHello.Button.ToolTipTitle">
            <Titles>
              <Title description="AlertHello" languagecode="1033" />
            </Titles>
          </LocLabel>
          <LocLabel Id="cr675.account.Hide Fax.Button.Alt">
            <Titles>
              <Title description="Hide Fax" languagecode="1033" />
            </Titles>
          </LocLabel>
          <LocLabel Id="cr675.account.Hide Fax.Button.LabelText">
            <Titles>
              <Title description="Hide Fax" languagecode="1033" />
            </Titles>
          </LocLabel>
          <LocLabel Id="cr675.account.Hide Fax.Button.ToolTipDescription">
            <Titles>
              <Title description="Hide Fax" languagecode="1033" />
            </Titles>
          </LocLabel>
          <LocLabel Id="cr675.account.Hide Fax.Button.ToolTipTitle">
            <Titles>
              <Title description="Hide Fax" languagecode="1033" />
            </Titles>
          </LocLabel>
        </LocLabels>
      </RibbonDiffXml>
    </Entity>
  </Entities>
  <Roles></Roles>
  <Workflows></Workflows>
  <FieldSecurityProfiles></FieldSecurityProfiles>
  <Templates />
  <EntityMaps />
  <EntityRelationships />
  <OrganizationSettings />
  <optionsets />
  <CustomControls />
  <EntityDataProviders />
  <Languages>
    <Language>1033</Language>
  </Languages>
</ImportExportXml>