{"schemaVersion":"1.0","appDefinitionTemplate":{"id":"/providers/Microsoft.PowerApps/apps/","type":"Microsoft.PowerApps/apps","tags":{"primaryDeviceWidth":"640","primaryDeviceHeight":"1136","supportsPortrait":"true","supportsLandscape":"true","primaryFormFactor":"Phone","publisherVersion":"3.22081.14","minimumRequiredApiVersion":"2.2.0","hasComponent":"false","hasUnlockedComponent":"false","isUnifiedRootApp":"false","sienaVersion":"20220817T112826Z-3.22082.4.0"},"properties":{"appVersion":"2022-08-17T11:28:26Z","lifeCycleId":"Published","createdByClientVersion":{"major":3,"minor":22081,"build":14,"revision":0,"majorRevision":0,"minorRevision":0},"minClientVersion":{"major":3,"minor":22081,"build":14,"revision":0,"majorRevision":0,"minorRevision":0},"backgroundColor":"RGBA(0,176,240,1)","backgroundImageUri":"/16303210680196486169/N5810f8f8-8ba7-4043-a87c-025399590831-logoSmallFile","displayName":"Policy Canvas App","description":"","commitMessage":"","appUris":{"documentUri":{"value":"/16303210680196486169/N1d435cdf-32c6-43ca-8d3a-ed1dc71b277f-document.msapp"},"imageUris":[],"additionalUris":[]},"createdTime":"0001-01-01T00:00:00Z","lastModifiedTime":"0001-01-01T00:00:00Z","sharedGroupsCount":0,"sharedUsersCount":0,"icons":{"smallIconUri":"/16303210680196486169/N58f5e5df-74b8-4e6b-b475-ad3db793a0b3-small.png","mediumIconUri":"/16303210680196486169/N988eafa0-615c-4afa-bb59-00f4da65733e-medium.png","largeIconUri":"/16303210680196486169/N76cbec40-ea60-4186-8a2d-30f83b94b291-large.png","wideIconUri":"/16303210680196486169/N2968f962-a990-402a-9ecc-b6b7ace3a83f-wide.png"},"connectionReferences":{"0a31b0eb-9957-48a5-99f0-1e1e6b6e39e9":{"id":"0f9854db-c2ab-4e69-a9cb-124fd25de80c","displayName":"Excel","iconUri":"https://connectoricons-prod.azureedge.net/releases/v1.0.1570/1.0.1570.2764/excel/icon.png","dataSources":["tblPolicies"],"dependencies":["8d0c6e2e-ac37-4055-b1a3-12da80ef985c"],"dependents":[],"parameterHints":{"8d0c6e2e-ac37-4055-b1a3-12da80ef985c":{"value":"fileSource"}},"parameterHintsV2":{"fileSource":{"value":"8d0c6e2e-ac37-4055-b1a3-12da80ef985c"}},"isOnPremiseConnection":false,"dataSets":{"b!-jBZeipfH0ufbP18ovVmSOllqRZ3p-9No1y3SMVzSENVvA9Lixd8Tp8Hq-qgqHUN.01JDGP3EUAYUI7Z4QAENFL2K33MQFR4ZGX":{"dataSources":{"tblPolicies":{"tableName":"tblPolicies"}}}},"apiTier":"Standard","isCustomApiConnection":false,"actions":["providers/PowerPlatform.Governance/Operations/Read","providers/PowerPlatform.Governance/Operations/Write","providers/PowerPlatform.Governance/Operations/Delete"]},"8d0c6e2e-ac37-4055-b1a3-12da80ef985c":{"id":"77742b21-a11c-4ea9-bb54-02200dbe2b4e","displayName":"OneDrive for Business","iconUri":"https://connectoricons-prod.azureedge.net/releases/v1.0.1546/1.0.1546.2665/onedriveforbusiness/icon.png","dataSources":[],"dependencies":[],"dependents":["0a31b0eb-9957-48a5-99f0-1e1e6b6e39e9"],"parameterHints":{},"parameterHintsV2":{},"isOnPremiseConnection":false,"dataSets":{},"apiTier":"Standard","isCustomApiConnection":false}},"databaseReferences":{},"almMode":"Environment","performanceOptimizationEnabled":true,"canConsumeAppPass":true,"executionRestrictions":{"isTeamsOnly":false,"dataLossPreventionEvaluationResult":{"status":"Compliant","lastEvaluationDate":"2022-08-17T11:28:42.8184059Z","violations":[],"violationsByPolicy":[],"violationErrorMessage":"The app uses the following connectors: shared_excel, shared_onedriveforbusiness."}}},"appType":"ClassicCanvasApp","appComponents":[]}}