<ImportExportXml version="9.2.22091.212" SolutionPackageVersion="9.2" languagecode="1033" generatedBy="CrmLive" xmlns:xsi="http://www.w3.org/2001/XMLSchema-instance">
  <SolutionManifest>
    <UniqueName>PlayGround</UniqueName>
    <LocalizedNames>
      <LocalizedName description="Play Ground" languagecode="1033" />
    </LocalizedNames>
    <Descriptions />
    <Version>1.0.0.1</Version>
    <Managed>0</Managed>
    <Publisher>
      <UniqueName>playground</UniqueName>
      <LocalizedNames>
        <LocalizedName description="Playground" languagecode="1033" />
      </LocalizedNames>
      <Descriptions />
      <EMailAddress xsi:nil="true"></EMailAddress>
      <SupportingWebsiteUrl xsi:nil="true"></SupportingWebsiteUrl>
      <CustomizationPrefix>pg</CustomizationPrefix>
      <CustomizationOptionValuePrefix>12551</CustomizationOptionValuePrefix>
      <Addresses>
        <Address>
          <AddressNumber>1</AddressNumber>
          <AddressTypeCode>1</AddressTypeCode>
          <City xsi:nil="true"></City>
          <County xsi:nil="true"></County>
          <Country xsi:nil="true"></Country>
          <Fax xsi:nil="true"></Fax>
          <FreightTermsCode xsi:nil="true"></FreightTermsCode>
          <ImportSequenceNumber xsi:nil="true"></ImportSequenceNumber>
          <Latitude xsi:nil="true"></Latitude>
          <Line1 xsi:nil="true"></Line1>
          <Line2 xsi:nil="true"></Line2>
          <Line3 xsi:nil="true"></Line3>
          <Longitude xsi:nil="true"></Longitude>
          <Name xsi:nil="true"></Name>
          <PostalCode xsi:nil="true"></PostalCode>
          <PostOfficeBox xsi:nil="true"></PostOfficeBox>
          <PrimaryContactName xsi:nil="true"></PrimaryContactName>
          <ShippingMethodCode>1</ShippingMethodCode>
          <StateOrProvince xsi:nil="true"></StateOrProvince>
          <Telephone1 xsi:nil="true"></Telephone1>
          <Telephone2 xsi:nil="true"></Telephone2>
          <Telephone3 xsi:nil="true"></Telephone3>
          <TimeZoneRuleVersionNumber xsi:nil="true"></TimeZoneRuleVersionNumber>
          <UPSZone xsi:nil="true"></UPSZone>
          <UTCOffset xsi:nil="true"></UTCOffset>
          <UTCConversionTimeZoneCode xsi:nil="true"></UTCConversionTimeZoneCode>
        </Address>
        <Address>
          <AddressNumber>2</AddressNumber>
          <AddressTypeCode>1</AddressTypeCode>
          <City xsi:nil="true"></City>
          <County xsi:nil="true"></County>
          <Country xsi:nil="true"></Country>
          <Fax xsi:nil="true"></Fax>
          <FreightTermsCode xsi:nil="true"></FreightTermsCode>
          <ImportSequenceNumber xsi:nil="true"></ImportSequenceNumber>
          <Latitude xsi:nil="true"></Latitude>
          <Line1 xsi:nil="true"></Line1>
          <Line2 xsi:nil="true"></Line2>
          <Line3 xsi:nil="true"></Line3>
          <Longitude xsi:nil="true"></Longitude>
          <Name xsi:nil="true"></Name>
          <PostalCode xsi:nil="true"></PostalCode>
          <PostOfficeBox xsi:nil="true"></PostOfficeBox>
          <PrimaryContactName xsi:nil="true"></PrimaryContactName>
          <ShippingMethodCode>1</ShippingMethodCode>
          <StateOrProvince xsi:nil="true"></StateOrProvince>
          <Telephone1 xsi:nil="true"></Telephone1>
          <Telephone2 xsi:nil="true"></Telephone2>
          <Telephone3 xsi:nil="true"></Telephone3>
          <TimeZoneRuleVersionNumber xsi:nil="true"></TimeZoneRuleVersionNumber>
          <UPSZone xsi:nil="true"></UPSZone>
          <UTCOffset xsi:nil="true"></UTCOffset>
          <UTCConversionTimeZoneCode xsi:nil="true"></UTCConversionTimeZoneCode>
        </Address>
      </Addresses>
    </Publisher>
    <RootComponents>
      <RootComponent type="1" schemaName="account" behavior="0" />
      <RootComponent type="1" schemaName="campaign" behavior="0" />
      <RootComponent type="1" schemaName="pg_playgroundtable" behavior="0" />
      <RootComponent type="1" schemaName="product" behavior="0" />
      <RootComponent type="29" id="{b6ed0aff-e1cf-4e97-b519-c51573ce452e}" behavior="0" />
      <RootComponent type="50" schemaName=":RibbonDiffXml" behavior="0" />
      <RootComponent type="60" id="{15915835-b87c-49ec-9ffc-bfac3ac44ef1}" />
      <RootComponent type="61" schemaName="cr675_alertOnLoadJS" behavior="0" />
      <RootComponent type="61" schemaName="cr675_msgOnRibBtnClick" behavior="0" />
      <RootComponent type="61" schemaName="pg_cms" behavior="0" />
      <RootComponent type="61" schemaName="pg_hideOnRbnBtnClick" behavior="0" />
      <RootComponent type="61" schemaName="pg_notificationOnSaveJS" behavior="0" />
      <RootComponent type="61" schemaName="pg_setNameValueJS" behavior="0" />
      <RootComponent type="62" schemaName="pg_PlayGroundApp" behavior="0" />
      <RootComponent type="80" schemaName="pg_PlayGroundApp" behavior="0" />
      <RootComponent type="431" schemaName="pg_playgroundtable pg_image" behavior="0" />
      <RootComponent type="432" schemaName="pg_playgroundtable" behavior="0" />
    </RootComponents>
    <MissingDependencies>
      <MissingDependency>
        <Required type="1" schemaName="campaign" displayName="Campaign" solution="msdynce_Marketing (9.0.4.37)">
          <package>msdynce_MarketingAnchor (9.0.22091.10002)</package>
        </Required>
        <Dependent type="1" schemaName="campaign" displayName="Campaign" />
      </MissingDependency>
      <MissingDependency>
        <Required type="1" schemaName="campaign" displayName="Campaign" solution="msdynce_Marketing (9.0.4.37)">
          <package>msdynce_MarketingAnchor (9.0.22091.10002)</package>
        </Required>
        <Dependent type="2" schemaName="exchangerate" displayName="Exchange Rate" parentSchemaName="campaign" parentDisplayName="Campaign" />
      </MissingDependency>
      <MissingDependency>
        <Required type="1" schemaName="campaign" displayName="Campaign" solution="msdynce_Marketing (9.0.4.37)">
          <package>msdynce_MarketingAnchor (9.0.22091.10002)</package>
        </Required>
        <Dependent type="2" schemaName="owneridtype" parentSchemaName="campaign" parentDisplayName="Campaign" />
      </MissingDependency>
      <MissingDependency>
        <Required type="1" schemaName="campaign" displayName="Campaign" solution="msdynce_Marketing (9.0.4.37)">
          <package>msdynce_MarketingAnchor (9.0.22091.10002)</package>
        </Required>
        <Dependent type="62" schemaName="pg_PlayGroundApp" />
      </MissingDependency>
      <MissingDependency>
        <Required type="1" schemaName="campaign" displayName="Campaign" solution="msdynce_Marketing (9.0.4.37)">
          <package>msdynce_MarketingAnchor (9.0.22091.10002)</package>
        </Required>
        <Dependent type="80" schemaName="pg_PlayGroundApp" displayName="Play Ground App" />
      </MissingDependency>
      <MissingDependency>
        <Required type="1" schemaName="cr675_project" displayName="Project" solution="Active" />
        <Dependent type="1" schemaName="account" displayName="Account" />
      </MissingDependency>
      <MissingDependency>
        <Required type="1" schemaName="incident" displayName="Case" solution="msdynce_Service (9.0.5.56)">
          <package>msdynce_ServiceAnchor (9.0.22091.1012)</package>
        </Required>
        <Dependent type="60" displayName="Account for Multisession experience" parentDisplayName="Account" id="{ff49442f-8c60-4877-bdae-8fe51e6f4636}" />
      </MissingDependency>
      <MissingDependency>
        <Required type="1" schemaName="msdyn_accountkpiitem" displayName="Account KPI Item" solution="RelationshipAnalytics (9.0.1.1756)">
          <package>SalesInsightsAddOn (9.0.22091.10006)</package>
        </Required>
        <Dependent type="1" schemaName="account" displayName="Account" />
      </MissingDependency>
      <MissingDependency>
        <Required type="1" schemaName="msdyn_accountkpiitem" displayName="Account KPI Item" solution="RelationshipAnalytics (9.0.1.1756)">
          <package>SalesInsightsAddOn (9.0.22091.10006)</package>
        </Required>
        <Dependent type="10" schemaName="msdyn_msdyn_accountkpiitem_account_accountkpiid" displayName="msdyn_msdyn_accountkpiitem_account_accountkpiid" parentSchemaName="msdyn_accountkpiitem" parentDisplayName="Account KPI Item" />
      </MissingDependency>
      <MissingDependency>
        <Required type="1" schemaName="msdyn_aicontactsuggestion" displayName="Teams Contact Suggestion by AI" solution="msdyn_Collaboration (9.1.22091.10003)">
          <package>msdynce_OfficeProductivityAnchor (9.0.22091.10002)</package>
        </Required>
        <Dependent type="1" schemaName="account" displayName="Account" />
      </MissingDependency>
      <MissingDependency>
        <Required type="1" schemaName="msdyn_customerasset" displayName="Customer Asset" solution="msdyn_AssetCommon (1.0.26.9)">
          <package>msdynce_ServiceAnchor (9.0.22091.1012)</package>
        </Required>
        <Dependent type="1" schemaName="account" displayName="Account" />
      </MissingDependency>
      <MissingDependency>
        <Required type="1" schemaName="msdyn_customerasset" displayName="Customer Asset" solution="msdyn_AssetCommon (1.0.26.9)">
          <package>msdynce_ServiceAnchor (9.0.22091.1012)</package>
        </Required>
        <Dependent type="1" schemaName="product" displayName="Product" />
      </MissingDependency>
      <MissingDependency>
        <Required type="1" schemaName="msdyn_dailyaccountkpiitem" displayName="Daily Kpis for account" solution="RelationshipAnalytics (9.0.1.1756)">
          <package>SalesInsightsAddOn (9.0.22091.10006)</package>
        </Required>
        <Dependent type="1" schemaName="account" displayName="Account" />
      </MissingDependency>
      <MissingDependency>
        <Required type="1" schemaName="msdyn_iotdevice" displayName="IoT Device" solution="IoTConnector (1.8.9.7)">
          <package>msdynce_ServiceAnchor (9.0.22091.1012)</package>
        </Required>
        <Dependent type="1" schemaName="account" displayName="Account" />
      </MissingDependency>
      <MissingDependency>
        <Required type="1" schemaName="msdyn_liveconversation" displayName="Ongoing conversation (Deprecated)" solution="OmnichannelBase (1.5.0.5812)">
          <package>UnifiedRoutingPrimeAnchor (1.5.16.6139)</package>
        </Required>
        <Dependent type="1" schemaName="account" displayName="Account" />
      </MissingDependency>
      <MissingDependency>
        <Required type="1" schemaName="msdyn_mostcontacted" displayName="Most Contacted" solution="RelationshipAnalytics (9.0.1.1756)">
          <package>SalesInsightsAddOn (9.0.22091.10006)</package>
        </Required>
        <Dependent type="1" schemaName="account" displayName="Account" />
      </MissingDependency>
      <MissingDependency>
        <Required type="1" schemaName="msdyn_mostcontactedby" displayName="Most Contacted By" solution="RelationshipAnalytics (9.0.1.1756)">
          <package>SalesInsightsAddOn (9.0.22091.10006)</package>
        </Required>
        <Dependent type="1" schemaName="account" displayName="Account" />
      </MissingDependency>
      <MissingDependency>
        <Required type="1" schemaName="msdyn_ocliveworkitem" displayName="Conversation" solution="OmnichannelBase (1.5.0.5812)">
          <package>UnifiedRoutingPrimeAnchor (1.5.16.6139)</package>
        </Required>
        <Dependent type="1" schemaName="account" displayName="Account" />
      </MissingDependency>
      <MissingDependency>
        <Required type="1" schemaName="msdyn_preferredagent" displayName="Preferred Agent" solution="UnifiedRouting (1.0.0.2650)">
          <package>UnifiedRoutingPrimeAnchor (1.5.16.6139)</package>
        </Required>
        <Dependent type="1" schemaName="account" displayName="Account" />
      </MissingDependency>
      <MissingDependency>
        <Required type="1" schemaName="msdyn_salesaccelerationinsight" displayName="Sales acceleration insights" solution="msdyn_acceleratedsales (9.1.22084.10005)">
          <package>msdyn_AcceleratedSalesAnchor (9.1.22084.10005)</package>
        </Required>
        <Dependent type="1" schemaName="account" displayName="Account" />
      </MissingDependency>
      <MissingDependency>
        <Required type="1" schemaName="msdyn_salesaccelerationinsight" displayName="Sales acceleration insights" solution="msdyn_acceleratedsales (9.1.22084.10005)">
          <package>msdyn_AcceleratedSalesAnchor (9.1.22084.10005)</package>
        </Required>
        <Dependent type="10" schemaName="msdyn_insightsid_salesaccelerationinsights" displayName="msdyn_insightsid_salesaccelerationinsights" parentSchemaName="msdyn_salesaccelerationinsight" parentDisplayName="Sales acceleration insights" />
      </MissingDependency>
      <MissingDependency>
        <Required type="1" schemaName="msdyn_salespremiumdemo" displayName="Sales Premium Demo" solution="msdyn_SalesPremiumSampleData (9.0.1.1128)" />
        <Dependent type="1" schemaName="account" displayName="Account" />
      </MissingDependency>
      <MissingDependency>
        <Required type="1" schemaName="msdyn_salespremiumdemo" displayName="Sales Premium Demo" solution="msdyn_SalesPremiumSampleData (9.0.1.1128)" />
        <Dependent type="1" schemaName="product" displayName="Product" />
      </MissingDependency>
      <MissingDependency>
        <Required type="1" schemaName="msdyn_salessuggestion" displayName="Suggestion" solution="msdyn_acceleratedsales (9.1.22084.10005)">
          <package>msdyn_AcceleratedSalesAnchor (9.1.22084.10005)</package>
        </Required>
        <Dependent type="1" schemaName="account" displayName="Account" />
      </MissingDependency>
      <MissingDependency>
        <Required type="1" schemaName="msdyn_segment" displayName="Segment" solution="msdyn_segment (9.1.2208.4001)">
          <package>msdyn_AcceleratedSalesAnchor (9.1.22084.10005)</package>
        </Required>
        <Dependent type="10" schemaName="msdyn_msdyn_segment_account" displayName="msdyn_msdyn_segment_account" parentSchemaName="msdyn_segment" parentDisplayName="Segment" />
      </MissingDependency>
      <MissingDependency>
        <Required type="1" schemaName="msdyn_sequencetarget" displayName="Sequence Target" solution="msdyn_Sequence (9.1.2208.4002)">
          <package>msdyn_AcceleratedSalesAnchor (9.1.22084.10005)</package>
        </Required>
        <Dependent type="1" schemaName="account" displayName="Account" />
      </MissingDependency>
      <MissingDependency>
        <Required type="1" schemaName="msdyn_swarm" displayName="Swarm" solution="msdyn_Swarming (9.0.22091.1005)">
          <package>msdyn_ServiceExtendedAnchor (9.0.22091.1005)</package>
        </Required>
        <Dependent type="1" schemaName="account" displayName="Account" />
      </MissingDependency>
      <MissingDependency>
        <Required type="1" schemaName="plas_orderproduct" displayName="Order Product" solution="Active" />
        <Dependent type="1" schemaName="product" displayName="Product" />
      </MissingDependency>
      <MissingDependency>
        <Required type="1" schemaName="product" displayName="Product" solution="msdynce_ProductManagement (9.0.4.0066)">
          <package>msdynce_ProductManagementAnchor (9.0.22084.10001)</package>
        </Required>
        <Dependent type="1" schemaName="product" displayName="Product" />
      </MissingDependency>
      <MissingDependency>
        <Required type="1" schemaName="product" displayName="Product" solution="msdynce_ProductManagement (9.0.4.0066)">
          <package>msdynce_ProductManagementAnchor (9.0.22084.10001)</package>
        </Required>
        <Dependent type="2" schemaName="exchangerate" displayName="Exchange Rate" parentSchemaName="product" parentDisplayName="Product" />
      </MissingDependency>
      <MissingDependency>
        <Required type="10" schemaName="msdyn_msdyn_accountkpiitem_account_accountkpiid" displayName="msdyn_msdyn_accountkpiitem_account_accountkpiid" parentSchemaName="msdyn_accountkpiitem" parentDisplayName="Account KPI Item" solution="RelationshipAnalytics (9.0.1.1756)">
          <package>SalesInsightsAddOn (9.0.22091.10006)</package>
        </Required>
        <Dependent type="10" schemaName="msdyn_msdyn_accountkpiitem_account_accountkpiid" displayName="msdyn_msdyn_accountkpiitem_account_accountkpiid" parentSchemaName="msdyn_accountkpiitem" parentDisplayName="Account KPI Item" />
      </MissingDependency>
      <MissingDependency>
        <Required type="10" schemaName="msdyn_insightsid_salesaccelerationinsights" displayName="msdyn_insightsid_salesaccelerationinsights" parentSchemaName="msdyn_salesaccelerationinsight" parentDisplayName="Sales acceleration insights" solution="msdyn_acceleratedsales (9.1.22084.10005)">
          <package>msdyn_AcceleratedSalesAnchor (9.1.22084.10005)</package>
        </Required>
        <Dependent type="10" schemaName="msdyn_insightsid_salesaccelerationinsights" displayName="msdyn_insightsid_salesaccelerationinsights" parentSchemaName="msdyn_salesaccelerationinsight" parentDisplayName="Sales acceleration insights" />
      </MissingDependency>
      <MissingDependency>
        <Required type="2" schemaName="defaultpricelevelid" displayName="Price List" parentSchemaName="account" parentDisplayName="Account" solution="msdynce_ProductManagement (9.0.4.0066)">
          <package>msdynce_ProductManagementAnchor (9.0.22084.10001)</package>
        </Required>
        <Dependent type="60" displayName="Information" parentDisplayName="Account" id="{b053a39a-041a-4356-acef-ddf00182762b}" />
      </MissingDependency>
      <MissingDependency>
        <Required type="2" schemaName="msdyn_accountkpiid" displayName="KPI" parentSchemaName="account" parentDisplayName="Account" solution="RelationshipAnalytics (9.0.1.1756)">
          <package>SalesInsightsAddOn (9.0.22091.10006)</package>
        </Required>
        <Dependent type="10" schemaName="msdyn_msdyn_accountkpiitem_account_accountkpiid" displayName="msdyn_msdyn_accountkpiitem_account_accountkpiid" parentSchemaName="msdyn_accountkpiitem" parentDisplayName="Account KPI Item" />
      </MissingDependency>
      <MissingDependency>
        <Required type="2" schemaName="msdyn_salesaccelerationinsightid" displayName="Sales Acceleration Insights ID" parentSchemaName="account" parentDisplayName="Account" solution="msdyn_acceleratedsales (9.1.22084.10005)">
          <package>msdyn_AcceleratedSalesAnchor (9.1.22084.10005)</package>
        </Required>
        <Dependent type="10" schemaName="msdyn_insightsid_salesaccelerationinsights" displayName="msdyn_insightsid_salesaccelerationinsights" parentSchemaName="msdyn_salesaccelerationinsight" parentDisplayName="Sales acceleration insights" />
      </MissingDependency>
      <MissingDependency>
        <Required type="2" schemaName="originatingleadid" displayName="Originating Lead" parentSchemaName="account" parentDisplayName="Account" solution="msdynce_LeadManagement (9.0.4.0066)">
          <package>msdynce_LeadManagementAnchor (9.0.22084.10001)</package>
        </Required>
        <Dependent type="60" displayName="Information" parentDisplayName="Account" id="{b053a39a-041a-4356-acef-ddf00182762b}" />
      </MissingDependency>
      <MissingDependency>
        <Required type="2" schemaName="originatingleadid" displayName="Originating Lead" parentSchemaName="account" parentDisplayName="Account" solution="msdynce_LeadManagement (9.0.4.0066)">
          <package>msdynce_LeadManagementAnchor (9.0.22084.10001)</package>
        </Required>
        <Dependent type="60" displayName="Account for Multisession experience" parentDisplayName="Account" id="{ff49442f-8c60-4877-bdae-8fe51e6f4636}" />
      </MissingDependency>
      <MissingDependency>
        <Required type="2" schemaName="territoryid" displayName="Territory" parentSchemaName="account" parentDisplayName="Account" solution="msdynce_Sales (9.0.4.0076)">
          <package>msdynce_SalesAnchor (9.0.22084.10003)</package>
        </Required>
        <Dependent type="60" displayName="Information" parentDisplayName="Account" id="{b053a39a-041a-4356-acef-ddf00182762b}" />
      </MissingDependency>
      <MissingDependency>
        <Required type="2" schemaName="msdyn_accountkpiitemid" displayName="Unique Identifier for Entity Instances" parentSchemaName="msdyn_accountkpiitem" parentDisplayName="Account KPI Item" solution="RelationshipAnalytics (9.0.1.1756)">
          <package>SalesInsightsAddOn (9.0.22091.10006)</package>
        </Required>
        <Dependent type="10" schemaName="msdyn_msdyn_accountkpiitem_account_accountkpiid" displayName="msdyn_msdyn_accountkpiitem_account_accountkpiid" parentSchemaName="msdyn_accountkpiitem" parentDisplayName="Account KPI Item" />
      </MissingDependency>
      <MissingDependency>
        <Required type="2" schemaName="msdyn_name" displayName="Custom Entity Name" parentSchemaName="msdyn_accountkpiitem" parentDisplayName="Account KPI Item" solution="RelationshipAnalytics (9.0.1.1756)">
          <package>SalesInsightsAddOn (9.0.22091.10006)</package>
        </Required>
        <Dependent type="10" schemaName="msdyn_msdyn_accountkpiitem_account_accountkpiid" displayName="msdyn_msdyn_accountkpiitem_account_accountkpiid" parentSchemaName="msdyn_accountkpiitem" parentDisplayName="Account KPI Item" />
      </MissingDependency>
      <MissingDependency>
        <Required type="2" schemaName="msdyn_name" displayName="Name" parentSchemaName="msdyn_salesaccelerationinsight" parentDisplayName="Sales acceleration insights" solution="msdyn_acceleratedsales (9.1.22084.10005)">
          <package>msdyn_AcceleratedSalesAnchor (9.1.22084.10005)</package>
        </Required>
        <Dependent type="10" schemaName="msdyn_insightsid_salesaccelerationinsights" displayName="msdyn_insightsid_salesaccelerationinsights" parentSchemaName="msdyn_salesaccelerationinsight" parentDisplayName="Sales acceleration insights" />
      </MissingDependency>
      <MissingDependency>
        <Required type="2" schemaName="msdyn_salesaccelerationinsightid" displayName="Sales acceleration insights" parentSchemaName="msdyn_salesaccelerationinsight" parentDisplayName="Sales acceleration insights" solution="msdyn_acceleratedsales (9.1.22084.10005)">
          <package>msdyn_AcceleratedSalesAnchor (9.1.22084.10005)</package>
        </Required>
        <Dependent type="10" schemaName="msdyn_insightsid_salesaccelerationinsights" displayName="msdyn_insightsid_salesaccelerationinsights" parentSchemaName="msdyn_salesaccelerationinsight" parentDisplayName="Sales acceleration insights" />
      </MissingDependency>
      <MissingDependency>
        <Required type="2" schemaName="msdyn_name" displayName="Segment name" parentSchemaName="msdyn_segment" parentDisplayName="Segment" solution="msdyn_segment (9.1.2208.4001)">
          <package>msdyn_AcceleratedSalesAnchor (9.1.22084.10005)</package>
        </Required>
        <Dependent type="10" schemaName="msdyn_msdyn_segment_account" displayName="msdyn_msdyn_segment_account" parentSchemaName="msdyn_segment" parentDisplayName="Segment" />
      </MissingDependency>
      <MissingDependency>
        <Required type="2" schemaName="msdyn_segmentid" displayName="segment" parentSchemaName="msdyn_segment" parentDisplayName="Segment" solution="msdyn_segment (9.1.2208.4001)">
          <package>msdyn_AcceleratedSalesAnchor (9.1.22084.10005)</package>
        </Required>
        <Dependent type="10" schemaName="msdyn_msdyn_segment_account" displayName="msdyn_msdyn_segment_account" parentSchemaName="msdyn_segment" parentDisplayName="Segment" />
      </MissingDependency>
      <MissingDependency>
        <Required type="20" displayName="CSR Manager" solution="msdynce_Service (9.0.5.56)" id="{25d79781-1a53-4ee8-8c16-2537bc7146a5}" parentId="{1808b939-dd07-4ca7-aa99-ddd2734378f1}">
          <package>msdynce_ServiceAnchor (9.0.22091.1012)</package>
        </Required>
        <Dependent type="60" displayName="Account for Multisession experience" parentDisplayName="Account" id="{ff49442f-8c60-4877-bdae-8fe51e6f4636}" />
      </MissingDependency>
      <MissingDependency>
        <Required type="20" displayName="Customer service app access" solution="msdynce_Customerservicehub (9.0.5.0056)" id="{3dac4d9e-568c-e611-80d4-00155d42a122}">
          <package>msdynce_ServiceAnchor (9.0.22091.1012)</package>
        </Required>
        <Dependent type="60" displayName="Account for Multisession experience" parentDisplayName="Account" id="{ff49442f-8c60-4877-bdae-8fe51e6f4636}" />
      </MissingDependency>
      <MissingDependency>
        <Required type="20" displayName="Customer Service Representative" solution="msdynce_Service (9.0.5.56)" id="{f663bc5b-0b2e-47ee-993d-ef6602bb74e8}" parentId="{ecfd0b44-5720-45e3-ae68-417ddb0fb654}">
          <package>msdynce_ServiceAnchor (9.0.22091.1012)</package>
        </Required>
        <Dependent type="60" displayName="Account for Multisession experience" parentDisplayName="Account" id="{ff49442f-8c60-4877-bdae-8fe51e6f4636}" />
      </MissingDependency>
      <MissingDependency>
        <Required type="26" schemaName="My Active Cases" displayName="My Active Cases" parentSchemaName="incident" parentDisplayName="Case" solution="msdynce_Service (9.0.5.56)" id="{00000000-0000-0000-00aa-000010001028}">
          <package>msdynce_ServiceAnchor (9.0.22091.1012)</package>
        </Required>
        <Dependent type="60" displayName="Account for Multisession experience" parentDisplayName="Account" id="{ff49442f-8c60-4877-bdae-8fe51e6f4636}" />
      </MissingDependency>
      <MissingDependency>
        <Required type="26" schemaName="Active Cases" displayName="Active Cases" parentSchemaName="incident" parentDisplayName="Case" solution="msdynce_Service (9.0.5.56)" id="{00000000-0000-0000-00aa-000010001032}">
          <package>msdynce_ServiceAnchor (9.0.22091.1012)</package>
        </Required>
        <Dependent type="60" displayName="Account for Multisession experience" parentDisplayName="Account" id="{ff49442f-8c60-4877-bdae-8fe51e6f4636}" />
      </MissingDependency>
      <MissingDependency>
        <Required type="26" schemaName="All Accounts" displayName="All Accounts" parentSchemaName="account" parentDisplayName="Account" solution="msdynce_AppCommon (9.0.4.0066)" id="{65ffaf9a-e8c5-432d-860b-32f841b00d87}">
          <package>msdynce_AppCommonAnchor (9.0.22084.10001)</package>
        </Required>
        <Dependent type="60" displayName="Accounts Dashboard" parentDisplayName="Account" id="{15915835-b87c-49ec-9ffc-bfac3ac44ef1}" />
      </MissingDependency>
      <MissingDependency>
        <Required type="26" schemaName="All Campaigns and Campaign Templates" displayName="All Campaigns and Campaign Templates" parentSchemaName="campaign" parentDisplayName="Campaign" solution="msdynce_Marketing (9.0.4.37)" id="{8ebce151-8451-490d-a8db-59fff97949e8}">
          <package>msdynce_MarketingAnchor (9.0.22091.10002)</package>
        </Required>
        <Dependent type="80" schemaName="pg_PlayGroundApp" displayName="Play Ground App" />
      </MissingDependency>
      <MissingDependency>
        <Required type="59" schemaName="Active Cases by Agent" displayName="Active Cases by Agent" parentSchemaName="incident" parentDisplayName="Case" solution="msdynce_Service (9.0.5.56)" id="{4143b74e-4a07-4d01-9ffe-2cdcaa4208fd}">
          <package>msdynce_ServiceAnchor (9.0.22091.1012)</package>
        </Required>
        <Dependent type="60" displayName="Account for Multisession experience" parentDisplayName="Account" id="{ff49442f-8c60-4877-bdae-8fe51e6f4636}" />
      </MissingDependency>
      <MissingDependency>
        <Required type="60" displayName="Customer profile" parentDisplayName="Contact" solution="OmnichannelBase (1.5.0.5812)" id="{05ea391a-d034-43fe-849b-b4fa3213a2b2}">
          <package>UnifiedRoutingPrimeAnchor (1.5.16.6139)</package>
        </Required>
        <Dependent type="60" displayName="All Fields" parentDisplayName="PlaygroundTable" id="{e0c264bb-5092-45fa-9147-aefe36e52a46}" />
      </MissingDependency>
      <MissingDependency>
        <Required type="60" displayName="Accounts Dashboard" parentDisplayName="Account" solution="msdynce_Service (9.0.5.56)" id="{15915835-b87c-49ec-9ffc-bfac3ac44ef1}">
          <package>msdynce_ServiceAnchor (9.0.22091.1012)</package>
        </Required>
        <Dependent type="60" displayName="Accounts Dashboard" parentDisplayName="Account" id="{15915835-b87c-49ec-9ffc-bfac3ac44ef1}" />
      </MissingDependency>
      <MissingDependency>
        <Required type="60" displayName="account contact card" parentDisplayName="Contact" solution="msdynce_AppCommon (9.0.4.0066)" id="{29de27bc-a257-4f29-99cf-bab4a84e688f}">
          <package>msdynce_AppCommonAnchor (9.0.22084.10001)</package>
        </Required>
        <Dependent type="60" displayName="Account for Multisession experience" parentDisplayName="Account" id="{ff49442f-8c60-4877-bdae-8fe51e6f4636}" />
      </MissingDependency>
      <MissingDependency>
        <Required type="60" displayName="Campaign" parentDisplayName="Campaign" solution="msdynce_Marketing (9.0.4.37)" id="{6356ff2a-bbbe-49fb-9da2-160b08865688}">
          <package>msdynce_MarketingAnchor (9.0.22091.10002)</package>
        </Required>
        <Dependent type="80" schemaName="pg_PlayGroundApp" displayName="Play Ground App" />
      </MissingDependency>
      <MissingDependency>
        <Required type="60" displayName="Information" parentDisplayName="Account" solution="msdynce_AppCommon (9.0.4.0066)" id="{b053a39a-041a-4356-acef-ddf00182762b}">
          <package>msdynce_AppCommonAnchor (9.0.22084.10001)</package>
        </Required>
        <Dependent type="60" displayName="Information" parentDisplayName="Account" id="{b053a39a-041a-4356-acef-ddf00182762b}" />
      </MissingDependency>
      <MissingDependency>
        <Required type="60" displayName="Account for Multisession experience" parentDisplayName="Account" solution="msdynce_ServicePatch201911 (9.0.22091.1012)" id="{ff49442f-8c60-4877-bdae-8fe51e6f4636}">
          <package>msdynce_ServiceAnchor (9.0.22091.1012)</package>
        </Required>
        <Dependent type="60" displayName="Account for Multisession experience" parentDisplayName="Account" id="{ff49442f-8c60-4877-bdae-8fe51e6f4636}" />
      </MissingDependency>
      <MissingDependency>
        <Required type="61" schemaName="AppCommon/Account/Account_main_system_library.js" displayName="AppCommon/Account/Account_main_system_library.js" solution="msdynce_AppCommon (9.0.4.0066)">
          <package>msdynce_AppCommonAnchor (9.0.22084.10001)</package>
        </Required>
        <Dependent type="60" displayName="Account for Multisession experience" parentDisplayName="Account" id="{ff49442f-8c60-4877-bdae-8fe51e6f4636}" />
      </MissingDependency>
      <MissingDependency>
        <Required type="61" schemaName="msdyn_/Images/AppModule_Default_Icon.png" displayName="msdyn_/Images/AppModule_Default_Icon.png" solution="AppModuleWebResources (2.5)" />
        <Dependent type="80" schemaName="pg_PlayGroundApp" displayName="Play Ground App" />
      </MissingDependency>
      <MissingDependency>
        <Required type="61" schemaName="msdyn_openQuickCreateForm" displayName="msdyn_openQuickCreateForm" solution="msdyn_SalesTrialApp (9.0.1.1128)" />
        <Dependent type="60" displayName="All Fields" parentDisplayName="PlaygroundTable" id="{e0c264bb-5092-45fa-9147-aefe36e52a46}" />
      </MissingDependency>
      <MissingDependency>
        <Required type="90" schemaName="Playground.Codeactivity.IncrementByTen, Playground.CodeActivity, Version=1.0.0.0, Culture=neutral, PublicKeyToken=77fc55cfd2aeb083" displayName="Playground.Codeactivity.IncrementByTen" solution="Active" id="{576371e2-4e3f-447a-8ec9-70b7527cbbb8}" />
        <Dependent type="29" displayName="PgCA.IncrementByTen" id="{b6ed0aff-e1cf-4e97-b519-c51573ce452e}" />
      </MissingDependency>
    </MissingDependencies>
  </SolutionManifest>
</ImportExportXml>