{"schemaVersion":"1.0","appDefinitionTemplate":{"id":"/providers/Microsoft.PowerApps/apps/","type":"Microsoft.PowerApps/apps","tags":{"primaryDeviceWidth":"640","primaryDeviceHeight":"1136","supportsPortrait":"true","supportsLandscape":"true","primaryFormFactor":"Phone","publisherVersion":"3.22091.11","minimumRequiredApiVersion":"2.2.0","hasComponent":"false","hasUnlockedComponent":"false","isUnifiedRootApp":"false","sienaVersion":"20220927T145317Z-3.22091.11.0"},"properties":{"appVersion":"2022-09-27T14:53:17Z","lifeCycleId":"Published","createdByClientVersion":{"major":3,"minor":22091,"build":11,"revision":0,"majorRevision":0,"minorRevision":0},"minClientVersion":{"major":3,"minor":22091,"build":11,"revision":0,"majorRevision":0,"minorRevision":0},"backgroundColor":"RGBA(0,176,240,1)","backgroundImageUri":"/12729023268024911534/Nfbcf6dfe-064a-4d0b-b330-47339e6ccea2-logoSmallFile","displayName":"Library Application","description":"","commitMessage":"","appUris":{"documentUri":{"value":"/12729023268024911534/Nbdcf7de7-c11a-4654-9e65-eeb399f3f2a4-document.msapp"},"imageUris":[],"additionalUris":[]},"createdTime":"0001-01-01T00:00:00Z","lastModifiedTime":"0001-01-01T00:00:00Z","sharedGroupsCount":0,"sharedUsersCount":0,"icons":{"smallIconUri":"/12729023268024911534/N3bc38daa-d63c-4c98-b24d-f138308e0dda-small.png","mediumIconUri":"/12729023268024911534/N494e50e6-94f9-4605-b1fb-5bb12a180bfa-medium.png","largeIconUri":"/12729023268024911534/N585d37e7-9ba4-43f3-94b7-c0e60090971e-large.png","wideIconUri":"/12729023268024911534/N924d4445-3efb-4b05-918a-20b55271bb73-wide.png"},"connectionReferences":{},"databaseReferences":{"default.cds":{"databaseDetails":{"referenceType":"NotSpecified","environmentName":"default.cds","overrideValues":{"status":"NotSpecified"}},"dataSources":{"Books":{"entitySetName":"cr675_books","logicalName":"cr675_book"},"Contacts":{"entitySetName":"contacts","logicalName":"contact"}},"actions":["providers/PowerPlatform.Governance/Operations/Read"]}},"almMode":"Environment","performanceOptimizationEnabled":true,"canConsumeAppPass":true,"enableModernRuntimeMode":false,"executionRestrictions":{"isTeamsOnly":false,"dataLossPreventionEvaluationResult":{"status":"Compliant","lastEvaluationDate":"2022-09-27T14:53:35.116175Z","violations":[],"violationsByPolicy":[],"violationErrorMessage":"The app uses the following connectors: shared_commondataservice."}}},"appType":"ClassicCanvasApp","appComponents":[]}}