{"schemaVersion":"1.0","appDefinitionTemplate":{"id":"/providers/Microsoft.PowerApps/apps/","type":"Microsoft.PowerApps/apps","tags":{"primaryDeviceWidth":"640","primaryDeviceHeight":"1136","supportsPortrait":"true","supportsLandscape":"true","primaryFormFactor":"Phone","publisherVersion":"3.22091.11","minimumRequiredApiVersion":"2.2.0","hasComponent":"false","hasUnlockedComponent":"false","isUnifiedRootApp":"false","sienaVersion":"20220927T094836Z-3.22091.11.0"},"properties":{"appVersion":"2022-09-27T09:48:36Z","lifeCycleId":"Published","createdByClientVersion":{"major":3,"minor":22091,"build":11,"revision":0,"majorRevision":0,"minorRevision":0},"minClientVersion":{"major":3,"minor":22091,"build":11,"revision":0,"majorRevision":0,"minorRevision":0},"backgroundColor":"RGBA(0,176,240,1)","backgroundImageUri":"/17211938833157847581/Nde9d790c-3712-4c10-899f-58d60640cba6-logoSmallFile","displayName":"Test App","description":"","commitMessage":"","appUris":{"documentUri":{"value":"/17211938833157847581/Nb4dcff76-4f74-48d2-a1e5-81e409361fd2-document.msapp"},"imageUris":[],"additionalUris":[]},"createdTime":"0001-01-01T00:00:00Z","lastModifiedTime":"0001-01-01T00:00:00Z","sharedGroupsCount":0,"sharedUsersCount":0,"icons":{"smallIconUri":"/17211938833157847581/N7f109b01-4004-4e9e-ab14-4894ec5369a2-small.png","mediumIconUri":"/17211938833157847581/N2337461a-8227-4f75-8ec3-19c5fc407dc4-medium.png","largeIconUri":"/17211938833157847581/N9a0fe81d-6ff5-491e-88d7-03828763fd68-large.png","wideIconUri":"/17211938833157847581/Nb0c7a2bf-e41d-43b1-bb74-98e9be6237fd-wide.png"},"connectionReferences":{"508dcda0-60d5-41fc-9edd-ec1538f8cf31":{"id":"da94b439-19cf-4bc2-925d-6b4f9ee9d5ad","displayName":"SharePoint","iconUri":"https://connectoricons-prod.azureedge.net/releases/v1.0.1591/1.0.1591.2961/sharepointonline/icon.png","dataSources":["ListOfFields"],"dependencies":[],"dependents":[],"parameterHints":{},"parameterHintsV2":{},"isOnPremiseConnection":false,"bypassConsent":false,"dataSets":{"https://mazikglobalinc-my.sharepoint.com/personal/agha_khan_mazikglobal_com":{"dataSources":{"ListOfFields":{"tableName":"ba2ab9da-1ed7-41e7-bf65-519d0c13eae8"}}}},"apiTier":"Standard","isCustomApiConnection":false,"actions":["providers/PowerPlatform.Governance/Operations/Read","providers/PowerPlatform.Governance/Operations/Write","providers/PowerPlatform.Governance/Operations/Delete"]},"548b6d60-dc2d-41a8-807b-2e170aaef54b":{"id":"a1ca767b-d5f2-40bd-887d-e7e571442649","displayName":"Office 365 Users","iconUri":"https://connectoricons-prod.azureedge.net/releases/v1.0.1593/1.0.1593.2980/office365users/icon.png","dataSources":["Office365Users"],"dependencies":[],"dependents":[],"parameterHints":{},"parameterHintsV2":{},"isOnPremiseConnection":false,"bypassConsent":false,"dataSets":{},"apiTier":"Standard","isCustomApiConnection":false,"actions":["MyProfile"]}},"databaseReferences":{},"almMode":"Environment","performanceOptimizationEnabled":true,"canConsumeAppPass":true,"enableModernRuntimeMode":false,"executionRestrictions":{"isTeamsOnly":false,"dataLossPreventionEvaluationResult":{"status":"Compliant","lastEvaluationDate":"2022-09-26T14:35:36.8174662Z","violations":[],"violationsByPolicy":[],"violationErrorMessage":"The app uses the following connectors: ."}}},"appType":"ClassicCanvasApp","appComponents":[]}}