{"name":"bb4592e8-4ed8-430a-8541-74b518687b94","id":"/providers/Microsoft.Flow/flows/bb4592e8-4ed8-430a-8541-74b518687b94","type":"Microsoft.Flow/flows","properties":{"apiId":"/providers/Microsoft.PowerApps/apis/shared_logicflows","displayName":"Event Auto Flow","definition":{"metadata":{"workflowEntityId":null,"processAdvisorMetadata":null,"flowclientsuspensionreason":"None","flowclientsuspensiontime":null,"flowclientsuspensionreasondetails":null,"creator":{"id":"69f6bffa-1b70-4014-8065-322a9dd10c2d","type":"User","tenantId":"cb8d0f5e-295e-44f1-8cab-184ae827c864"},"provisioningMethod":"FromDefinition","failureAlertSubscription":true,"clientLastModifiedTime":"2022-10-03T10:11:32.3326707Z"},"$schema":"https://schema.management.azure.com/providers/Microsoft.Logic/schemas/2016-06-01/workflowdefinition.json#","contentVersion":"1.0.0.0","parameters":{"$connections":{"defaultValue":{},"type":"Object"},"$authentication":{"defaultValue":{},"type":"SecureObject"}},"triggers":{"When_a_row_is_added,_modified_or_deleted":{"metadata":{"operationMetadataId":"3dce0beb-b109-4ee0-a43a-ff277dac85af"},"type":"OpenApiConnectionWebhook","inputs":{"host":{"apiId":"/providers/Microsoft.PowerApps/apis/shared_commondataserviceforapps","connectionName":"shared_commondataserviceforapps","operationId":"SubscribeWebhookTrigger"},"parameters":{"subscriptionRequest/message":1,"subscriptionRequest/entityname":"cr675_event","subscriptionRequest/scope":1},"authentication":"@parameters('$authentication')"}}},"actions":{"Add_a_new_row":{"runAfter":{},"metadata":{"operationMetadataId":"d1d4e52d-17c3-4c86-bb83-339e011f798a"},"type":"OpenApiConnection","inputs":{"host":{"apiId":"/providers/Microsoft.PowerApps/apis/shared_commondataserviceforapps","connectionName":"shared_commondataserviceforapps","operationId":"CreateRecord"},"parameters":{"entityName":"cr675_halls","item/cr675_name":"@triggerOutputs()?['body/_cr675_eventplace_value']","item/cr675_hallstatus":true},"authentication":"@parameters('$authentication')"}},"Compose":{"runAfter":{"Add_a_new_row":["Succeeded"]},"metadata":{"operationMetadataId":"7dda7ea9-b6db-479f-a004-9e6be3540c90"},"type":"Compose","inputs":"@triggerOutputs()?['body/_cr675_eventplace_value']"}}},"connectionReferences":{"shared_commondataserviceforapps":{"connectionName":"shared-commondataser-9a2a482b-2397-45b3-bcc2-2f4b8843c480","source":"Embedded","id":"/providers/Microsoft.PowerApps/apis/shared_commondataserviceforapps","tier":"NotSpecified"}},"flowFailureAlertSubscribed":false,"isManaged":false}}