{"name":"c2f8c86e-bbe3-4b37-bb5c-6ac153e29775","id":"/providers/Microsoft.Flow/flows/c2f8c86e-bbe3-4b37-bb5c-6ac153e29775","type":"Microsoft.Flow/flows","properties":{"apiId":"/providers/Microsoft.PowerApps/apis/shared_logicflows","displayName":"Button -> Analyze positive or negative sentiment in text","definition":{"metadata":{"workflowEntityId":null,"processAdvisorMetadata":null,"flowclientsuspensionreason":"None","flowclientsuspensiontime":null,"flowclientsuspensionreasondetails":null,"creator":{"id":"69f6bffa-1b70-4014-8065-322a9dd10c2d","type":"User","tenantId":"cb8d0f5e-295e-44f1-8cab-184ae827c864"},"provisioningMethod":"FromDefinition","failureAlertSubscription":true,"clientLastModifiedTime":"2022-10-03T13:41:44.6131977Z"},"$schema":"https://schema.management.azure.com/providers/Microsoft.Logic/schemas/2016-06-01/workflowdefinition.json#","contentVersion":"1.0.0.0","parameters":{"$connections":{"defaultValue":{},"type":"Object"},"$authentication":{"defaultValue":{},"type":"SecureObject"}},"triggers":{"manual":{"metadata":{"operationMetadataId":"67336b39-e0c6-4773-903d-08c485f69c96"},"type":"Request","kind":"Button","inputs":{"schema":{"type":"object","properties":{"text":{"title":"My Text","type":"string","x-ms-dynamically-added":true,"description":"Please enter your input","x-ms-content-hint":"TEXT"}},"required":["text"]}}}},"actions":{"Analyze_positive_or_negative_sentiment_in_text":{"runAfter":{},"metadata":{"operationMetadataId":"1b0d731d-d2d5-499c-8b32-b14ec1429797","flowSystemMetadata":{"portalOperationId":"aibuilderpredict_sentimentanalysis","portalOperationGroup":"aibuilder","portalOperationApiDisplayNameOverride":"AI Builder","portalOperationIconOverride":"https://psuxemea.azureedge.net/Content/Images/DesignerOperations/aiBuilderNew.png","portalOperationBrandColorOverride":"#0A76C4","portalOperationApiTierOverride":"Standard"}},"type":"OpenApiConnection","inputs":{"host":{"apiId":"/providers/Microsoft.PowerApps/apis/shared_commondataserviceforapps","connectionName":"shared_commondataserviceforapps","operationId":"aibuilderpredict_sentimentanalysis"},"parameters":{"item/requestv2/language":"en","item/requestv2/text":"@triggerBody()['text']","recordId":"f1c549c2-a97e-47a5-b612-c5c2bab0f163"},"authentication":"@parameters('$authentication')"}},"Add_a_row_into_a_table":{"runAfter":{"Analyze_positive_or_negative_sentiment_in_text":["Succeeded"]},"metadata":{"01JDGP3EQLNOZC55VPDVCYCCSR5VVXAFEF":"/AI Builder Results.xlsx","operationMetadataId":"caddb45b-b59e-42b1-a26c-bbbf49931753"},"type":"OpenApiConnection","inputs":{"host":{"apiId":"/providers/Microsoft.PowerApps/apis/shared_excelonlinebusiness","connectionName":"shared_excelonlinebusiness","operationId":"AddRowV2"},"parameters":{"source":"me","drive":"b!-jBZeipfH0ufbP18ovVmSOllqRZ3p-9No1y3SMVzSENVvA9Lixd8Tp8Hq-qgqHUN","file":"01JDGP3EQLNOZC55VPDVCYCCSR5VVXAFEF","table":"{D19989F0-81AC-4491-A527-56EDC5A7D622}","item/Column1":"@triggerBody()['text']","item/Column2":"@outputs('Analyze_positive_or_negative_sentiment_in_text')?['body/responsev2/predictionOutput/result/sentiment']"},"authentication":{"value":"@json(decodeBase64(triggerOutputs().headers['X-MS-APIM-Tokens']))['$ConnectionKey']","type":"Raw"}}}}},"connectionReferences":{"shared_commondataserviceforapps":{"connectionName":"shared-commondataser-9a2a482b-2397-45b3-bcc2-2f4b8843c480","source":"Embedded","id":"/providers/Microsoft.PowerApps/apis/shared_commondataserviceforapps","tier":"NotSpecified"},"shared_excelonlinebusiness":{"connectionName":"shared-excelonlinebu-ac0acf6e-e695-4f2d-aa1a-7318426b4ed1","source":"Invoker","id":"/providers/Microsoft.PowerApps/apis/shared_excelonlinebusiness","tier":"NotSpecified"}},"flowFailureAlertSubscribed":false,"isManaged":false}}