{"name":"23f8c88c-5432-40e3-8b1c-bd695f7148e4","id":"/providers/Microsoft.Flow/flows/23f8c88c-5432-40e3-8b1c-bd695f7148e4","type":"Microsoft.Flow/flows","properties":{"apiId":"/providers/Microsoft.PowerApps/apis/shared_logicflows","displayName":"Playing with Dates","definition":{"metadata":{"workflowEntityId":null,"processAdvisorMetadata":null,"flowclientsuspensionreason":"None","flowclientsuspensiontime":null,"flowclientsuspensionreasondetails":null,"creator":{"id":"69f6bffa-1b70-4014-8065-322a9dd10c2d","type":"User","tenantId":"cb8d0f5e-295e-44f1-8cab-184ae827c864"},"provisioningMethod":"FromDefinition","failureAlertSubscription":true,"clientLastModifiedTime":"2022-10-04T11:27:04.9490582Z"},"$schema":"https://schema.management.azure.com/providers/Microsoft.Logic/schemas/2016-06-01/workflowdefinition.json#","contentVersion":"1.0.0.0","parameters":{"$authentication":{"defaultValue":{},"type":"SecureObject"}},"triggers":{"Recurrence":{"recurrence":{"frequency":"Day","interval":15,"startTime":"2022-10-15T11:00:00.000Z"},"metadata":{"operationMetadataId":"a690482d-5190-460c-a5bb-ad48405a8be0"},"type":"Recurrence"}},"actions":{"Current_Date":{"runAfter":{},"metadata":{"operationMetadataId":"a9d1805b-b7b8-446f-828a-2034716c6e07"},"type":"InitializeVariable","inputs":{"variables":[{"name":"currentDate","type":"string","value":"@{utcNow()}"}]}},"Year":{"runAfter":{"Current_Date":["Succeeded"]},"metadata":{"operationMetadataId":"f72c4d39-c83e-45ef-b3f6-e4dfd5d0a6b2"},"type":"InitializeVariable","inputs":{"variables":[{"name":"yr","type":"integer","value":"@int(formatDateTime(variables('currentDate'), 'yyyy'))"}]}},"Month":{"runAfter":{"Year":["Succeeded"]},"metadata":{"operationMetadataId":"8fc3ac69-89f0-4117-80bf-2f63f77a5982"},"type":"InitializeVariable","inputs":{"variables":[{"name":"mnth","type":"integer","value":"@int(formatDateTime(variables('currentDate'), 'MM'))"}]}},"IsLeapYr":{"runAfter":{"Month":["Succeeded"]},"metadata":{"operationMetadataId":"9e923cd7-c616-4bcc-8aa4-25bf2a56cf5f"},"type":"Compose","inputs":"@or(and(equals(mod(variables('yr'), 4), 0), not(equals(mod(variables('yr'), 100), 0))), \r\nequals(mod(variables('yr'), 400), 0))"},"Days_In_Month":{"runAfter":{"IsLeapYr":["Succeeded"]},"metadata":{"operationMetadataId":"0e437f72-a0ab-48f3-9f56-e033cae27e71"},"type":"InitializeVariable","inputs":{"variables":[{"name":"daysInMonth","type":"string","value":"@{if(equals(variables('mnth'),2), if(outputs('IsLeapYr'), 29, 28), if(or(equals(variables('mnth'),1), equals(variables('mnth'),3), equals(variables('mnth'),5), equals(variables('mnth'),7), equals(variables('mnth'),8), equals(variables('mnth'),10), equals(variables('mnth'),12)), '31', '30'))}"}]}},"Compose_No_of_Days_in_Month_":{"runAfter":{"Days_In_Month":["Succeeded"]},"metadata":{"operationMetadataId":"e74bcd67-0120-405e-aec1-ffb4a3eb271a"},"type":"Compose","inputs":"@variables('daysInMonth')"},"Last_date_of_month":{"runAfter":{"NextMonth":["Succeeded"]},"metadata":{"operationMetadataId":"c302e0f0-05a3-4cc6-aef7-797a146cb6f3"},"type":"InitializeVariable","inputs":{"variables":[{"name":"monthLastDate","type":"string","value":"@{addDays(startOfMonth(body('NextMonth')),-1,'MM-dd-yyyy')}"}]}},"Compose_Last_Day_of_Month":{"runAfter":{"Last_date_of_month":["Succeeded"]},"metadata":{"operationMetadataId":"de0475db-5df1-49e4-9e70-4d1d1e7f2421"},"type":"Compose","inputs":"@variables('monthLastDate')"},"NextMonth":{"runAfter":{"Compose_No_of_Days_in_Month_":["Succeeded"]},"metadata":{"operationMetadataId":"69ef7cd2-31af-40ac-b698-c8e07a622857"},"type":"Expression","kind":"AddToTime","inputs":{"baseTime":"@{utcNow()}","interval":1,"timeUnit":"Month"}},"Switch":{"runAfter":{"Compose_Last_Day_of_Month":["Succeeded"]},"cases":{"Case":{"case":15,"actions":{}}},"default":{"actions":{}},"expression":"@dayOfMonth(utcNow())","metadata":{"operationMetadataId":"54e31359-c364-4513-8fa3-5fac5cb1cbd7"},"type":"Switch"}}},"connectionReferences":{},"flowFailureAlertSubscribed":false,"isManaged":false}}