{"name":"562c0c4a-f0f7-4017-be6c-17af3a6cfe90","id":"/providers/Microsoft.Flow/flows/562c0c4a-f0f7-4017-be6c-17af3a6cfe90","type":"Microsoft.Flow/flows","properties":{"apiId":"/providers/Microsoft.PowerApps/apis/shared_logicflows","displayName":"Instant Flow for Smog Check App incorporated in BPF","definition":{"metadata":{"workflowEntityId":null,"processAdvisorMetadata":null,"flowclientsuspensionreason":"None","flowclientsuspensiontime":null,"flowclientsuspensionreasondetails":null,"creator":{"id":"69f6bffa-1b70-4014-8065-322a9dd10c2d","type":"User","tenantId":"cb8d0f5e-295e-44f1-8cab-184ae827c864"},"provisioningMethod":"FromDefinition","failureAlertSubscription":true,"clientLastModifiedTime":"2022-10-05T11:36:12.6017905Z"},"$schema":"https://schema.management.azure.com/providers/Microsoft.Logic/schemas/2016-06-01/workflowdefinition.json#","contentVersion":"1.0.0.0","parameters":{"$connections":{"defaultValue":{},"type":"Object"},"$authentication":{"defaultValue":{},"type":"SecureObject"}},"triggers":{"When_a_row_is_added,_modified_or_deleted":{"metadata":{"operationMetadataId":"036b372d-1374-4af4-85ee-d3aa163bd60c"},"type":"OpenApiConnectionWebhook","inputs":{"host":{"apiId":"/providers/Microsoft.PowerApps/apis/shared_commondataserviceforapps","connectionName":"shared_commondataserviceforapps","operationId":"SubscribeWebhookTrigger"},"parameters":{"subscriptionRequest/message":1,"subscriptionRequest/entityname":"bpf_customercheckin","subscriptionRequest/scope":1},"authentication":"@parameters('$authentication')"}}},"actions":{"Send_an_email_(V2)":{"runAfter":{},"metadata":{"operationMetadataId":"99d7d452-5e57-4813-976a-f5bab222a26a"},"type":"OpenApiConnection","inputs":{"host":{"apiId":"/providers/Microsoft.PowerApps/apis/shared_office365","connectionName":"shared_office365","operationId":"SendEmailV2"},"parameters":{"emailMessage/To":"Agha.Khan@mazikglobal.com","emailMessage/Subject":"Record Added in Customer Check-In Entity","emailMessage/Body":"<p>A new record for @{triggerOutputs()?['body/bpf_name']} was entered today for a smog test for vehicle having the year @{triggerOutputs()?['body/bpf_automobileyear']}.</p>","emailMessage/Importance":"Normal"},"authentication":"@parameters('$authentication')"}}},"outputs":{}},"connectionReferences":{"shared_commondataserviceforapps":{"connectionName":"shared-commondataser-9a2a482b-2397-45b3-bcc2-2f4b8843c480","source":"Embedded","id":"/providers/Microsoft.PowerApps/apis/shared_commondataserviceforapps","tier":"NotSpecified"},"shared_office365":{"connectionName":"27edb52d119046f1a905e5076aed8c18","source":"Embedded","id":"/providers/Microsoft.PowerApps/apis/shared_office365","tier":"NotSpecified"}},"flowFailureAlertSubscribed":false,"isManaged":false}}