{"name":"00e1b571-1043-4a41-9295-9673bed9d8a4","id":"/providers/Microsoft.Flow/flows/00e1b571-1043-4a41-9295-9673bed9d8a4","type":"Microsoft.Flow/flows","properties":{"apiId":"/providers/Microsoft.PowerApps/apis/shared_logicflows","displayName":"Apply For Each test","definition":{"metadata":{"workflowEntityId":null,"processAdvisorMetadata":null,"flowclientsuspensionreason":"None","flowclientsuspensiontime":null,"flowclientsuspensionreasondetails":null,"creator":{"id":"69f6bffa-1b70-4014-8065-322a9dd10c2d","type":"User","tenantId":"cb8d0f5e-295e-44f1-8cab-184ae827c864"},"provisioningMethod":"FromDefinition","failureAlertSubscription":true,"clientLastModifiedTime":"2022-09-30T15:57:46.8117967Z"},"$schema":"https://schema.management.azure.com/providers/Microsoft.Logic/schemas/2016-06-01/workflowdefinition.json#","contentVersion":"1.0.0.0","parameters":{"$connections":{"defaultValue":{},"type":"Object"},"$authentication":{"defaultValue":{},"type":"SecureObject"}},"triggers":{"manual":{"metadata":{"operationMetadataId":"6d16dff5-491e-48cb-a2f4-178d251e365d"},"type":"Request","kind":"Button","inputs":{"schema":{"type":"object","properties":{},"required":[]}}}},"actions":{"List_rows":{"runAfter":{},"metadata":{"operationMetadataId":"d4cf5a00-5e8d-4c3f-9124-f76b42f567c8"},"type":"OpenApiConnection","inputs":{"host":{"apiId":"/providers/Microsoft.PowerApps/apis/shared_commondataserviceforapps","connectionName":"shared_commondataserviceforapps","operationId":"ListRecords"},"parameters":{"entityName":"accounts","$select":"name,createdon,preferredcontactmethodcode,emailaddress1,telephone1","$orderby":"name desc","$top":10},"authentication":"@parameters('$authentication')"}},"Apply_to_each_2":{"foreach":"@outputs('List_rows')?['body/value']","actions":{"Compose":{"runAfter":{},"metadata":{"operationMetadataId":"12aa7506-26c8-4144-a08d-88b7d674ab2c"},"type":"Compose","inputs":"@items('Apply_to_each_2')?['name']"},"Add_a_row_into_a_table":{"runAfter":{"Compose":["Succeeded"]},"metadata":{"01JDGP3EXRJH2IRCJ535BIZI3O4NNXHFYK":"/AFETest.xlsx","operationMetadataId":"e545cb8e-5fe4-4357-816b-44b84357f6c8","tableId":"{64B2CE14-D691-4FC7-B671-0F7492F55BAA}"},"type":"OpenApiConnection","inputs":{"host":{"apiId":"/providers/Microsoft.PowerApps/apis/shared_excelonlinebusiness","connectionName":"shared_excelonlinebusiness","operationId":"AddRowV2"},"parameters":{"source":"me","drive":"b!-jBZeipfH0ufbP18ovVmSOllqRZ3p-9No1y3SMVzSENVvA9Lixd8Tp8Hq-qgqHUN","file":"01JDGP3EXRJH2IRCJ535BIZI3O4NNXHFYK","table":"{64B2CE14-D691-4FC7-B671-0F7492F55BAA}","item/AccountName":"@items('Apply_to_each_2')?['name']"},"authentication":{"value":"@json(decodeBase64(triggerOutputs().headers['X-MS-APIM-Tokens']))['$ConnectionKey']","type":"Raw"}}}},"runAfter":{"List_rows":["Succeeded"]},"metadata":{"operationMetadataId":"65b1e9b6-ca10-4693-b02a-84d99b2dd82c"},"type":"Foreach"}}},"connectionReferences":{"shared_commondataserviceforapps":{"connectionName":"shared-commondataser-9a2a482b-2397-45b3-bcc2-2f4b8843c480","source":"Embedded","id":"/providers/Microsoft.PowerApps/apis/shared_commondataserviceforapps","tier":"NotSpecified"},"shared_excelonlinebusiness":{"connectionName":"shared-excelonlinebu-ac0acf6e-e695-4f2d-aa1a-7318426b4ed1","source":"Invoker","id":"/providers/Microsoft.PowerApps/apis/shared_excelonlinebusiness","tier":"NotSpecified"}},"flowFailureAlertSubscribed":false,"isManaged":false}}