<ImportExportXml version="9.2.22091.212" SolutionPackageVersion="9.2" languagecode="1033" generatedBy="CrmLive" xmlns:xsi="http://www.w3.org/2001/XMLSchema-instance">
  <SolutionManifest>
    <UniqueName>LMS</UniqueName>
    <LocalizedNames>
      <LocalizedName description="LMS" languagecode="1033" />
    </LocalizedNames>
    <Descriptions />
    <Version>1.0.0.1</Version>
    <Managed>0</Managed>
    <Publisher>
      <UniqueName>LMSPublisher</UniqueName>
      <LocalizedNames>
        <LocalizedName description="LMS Publisher" languagecode="1033" />
      </LocalizedNames>
      <Descriptions>
        <Description description="LMS Publisher" languagecode="1033" />
      </Descriptions>
      <EMailAddress xsi:nil="true"></EMailAddress>
      <SupportingWebsiteUrl xsi:nil="true"></SupportingWebsiteUrl>
      <CustomizationPrefix>agmuq</CustomizationPrefix>
      <CustomizationOptionValuePrefix>40739</CustomizationOptionValuePrefix>
      <Addresses>
        <Address>
          <AddressNumber>1</AddressNumber>
          <AddressTypeCode>1</AddressTypeCode>
          <City xsi:nil="true"></City>
          <County xsi:nil="true"></County>
          <Country xsi:nil="true"></Country>
          <Fax xsi:nil="true"></Fax>
          <FreightTermsCode xsi:nil="true"></FreightTermsCode>
          <ImportSequenceNumber xsi:nil="true"></ImportSequenceNumber>
          <Latitude xsi:nil="true"></Latitude>
          <Line1 xsi:nil="true"></Line1>
          <Line2 xsi:nil="true"></Line2>
          <Line3 xsi:nil="true"></Line3>
          <Longitude xsi:nil="true"></Longitude>
          <Name xsi:nil="true"></Name>
          <PostalCode xsi:nil="true"></PostalCode>
          <PostOfficeBox xsi:nil="true"></PostOfficeBox>
          <PrimaryContactName xsi:nil="true"></PrimaryContactName>
          <ShippingMethodCode>1</ShippingMethodCode>
          <StateOrProvince xsi:nil="true"></StateOrProvince>
          <Telephone1 xsi:nil="true"></Telephone1>
          <Telephone2 xsi:nil="true"></Telephone2>
          <Telephone3 xsi:nil="true"></Telephone3>
          <TimeZoneRuleVersionNumber xsi:nil="true"></TimeZoneRuleVersionNumber>
          <UPSZone xsi:nil="true"></UPSZone>
          <UTCOffset xsi:nil="true"></UTCOffset>
          <UTCConversionTimeZoneCode xsi:nil="true"></UTCConversionTimeZoneCode>
        </Address>
        <Address>
          <AddressNumber>2</AddressNumber>
          <AddressTypeCode>1</AddressTypeCode>
          <City xsi:nil="true"></City>
          <County xsi:nil="true"></County>
          <Country xsi:nil="true"></Country>
          <Fax xsi:nil="true"></Fax>
          <FreightTermsCode xsi:nil="true"></FreightTermsCode>
          <ImportSequenceNumber xsi:nil="true"></ImportSequenceNumber>
          <Latitude xsi:nil="true"></Latitude>
          <Line1 xsi:nil="true"></Line1>
          <Line2 xsi:nil="true"></Line2>
          <Line3 xsi:nil="true"></Line3>
          <Longitude xsi:nil="true"></Longitude>
          <Name xsi:nil="true"></Name>
          <PostalCode xsi:nil="true"></PostalCode>
          <PostOfficeBox xsi:nil="true"></PostOfficeBox>
          <PrimaryContactName xsi:nil="true"></PrimaryContactName>
          <ShippingMethodCode>1</ShippingMethodCode>
          <StateOrProvince xsi:nil="true"></StateOrProvince>
          <Telephone1 xsi:nil="true"></Telephone1>
          <Telephone2 xsi:nil="true"></Telephone2>
          <Telephone3 xsi:nil="true"></Telephone3>
          <TimeZoneRuleVersionNumber xsi:nil="true"></TimeZoneRuleVersionNumber>
          <UPSZone xsi:nil="true"></UPSZone>
          <UTCOffset xsi:nil="true"></UTCOffset>
          <UTCConversionTimeZoneCode xsi:nil="true"></UTCConversionTimeZoneCode>
        </Address>
      </Addresses>
    </Publisher>
    <RootComponents>
      <RootComponent type="1" schemaName="agmuq_books" behavior="0" />
      <RootComponent type="1" schemaName="agmuq_students" behavior="0" />
      <RootComponent type="9" schemaName="agmuq_bookcategory" behavior="0" />
      <RootComponent type="9" schemaName="agmuq_departmentofstudy" behavior="0" />
      <RootComponent type="20" id="{aee2b0cd-ae23-ed11-b83e-000d3a31d2ae}" behavior="0" />
      <RootComponent type="20" id="{d273b895-a123-ed11-b83e-000d3a31d2ae}" behavior="0" />
      <RootComponent type="29" id="{0cdc8c9e-f122-ed11-b83e-000d3a31d2ae}" behavior="0" />
      <RootComponent type="29" id="{40dd7446-d022-ed11-b83e-000d3a31d2ae}" behavior="0" />
      <RootComponent type="62" schemaName="agmuq_LMSLibraryManagementSystem" behavior="0" />
      <RootComponent type="80" schemaName="agmuq_LMSLibraryManagementSystem" behavior="0" />
      <RootComponent type="431" schemaName="agmuq_students agmuq_image" behavior="0" />
      <RootComponent type="432" schemaName="agmuq_students" behavior="0" />
    </RootComponents>
    <MissingDependencies>
      <MissingDependency>
        <Required type="1" schemaName="agmu_bookissued" displayName="Book Issued" solution="Active" />
        <Dependent type="1" schemaName="agmuq_students" displayName="Students" />
      </MissingDependency>
      <MissingDependency>
        <Required type="1" schemaName="agmu_bookissued" displayName="Book Issued" solution="Active" />
        <Dependent type="62" schemaName="agmuq_LMSLibraryManagementSystem" />
      </MissingDependency>
      <MissingDependency>
        <Required type="1" schemaName="agmu_bookissued" displayName="Book Issued" solution="Active" />
        <Dependent type="80" schemaName="agmuq_LMSLibraryManagementSystem" displayName="LMS - Library Management System" />
      </MissingDependency>
      <MissingDependency>
        <Required type="61" schemaName="msdyn_/Images/AppModule_Default_Icon.png" displayName="msdyn_/Images/AppModule_Default_Icon.png" solution="AppModuleWebResources (2.5)" />
        <Dependent type="80" schemaName="agmuq_LMSLibraryManagementSystem" displayName="LMS - Library Management System" />
      </MissingDependency>
    </MissingDependencies>
  </SolutionManifest>
</ImportExportXml>