<ImportExportXml version="9.2.22091.212" SolutionPackageVersion="9.2" languagecode="1033" generatedBy="CrmLive" xmlns:xsi="http://www.w3.org/2001/XMLSchema-instance">
  <SolutionManifest>
    <UniqueName>PluginAssignment</UniqueName>
    <LocalizedNames>
      <LocalizedName description="PluginAssignment" languagecode="1033" />
    </LocalizedNames>
    <Descriptions />
    <Version>1.0.0.1</Version>
    <Managed>0</Managed>
    <Publisher>
      <UniqueName>PluginAssignmentPublisher</UniqueName>
      <LocalizedNames>
        <LocalizedName description="Plugin Assignment Publisher" languagecode="1033" />
      </LocalizedNames>
      <Descriptions />
      <EMailAddress xsi:nil="true"></EMailAddress>
      <SupportingWebsiteUrl xsi:nil="true"></SupportingWebsiteUrl>
      <CustomizationPrefix>plas</CustomizationPrefix>
      <CustomizationOptionValuePrefix>38414</CustomizationOptionValuePrefix>
      <Addresses>
        <Address>
          <AddressNumber>1</AddressNumber>
          <AddressTypeCode>1</AddressTypeCode>
          <City xsi:nil="true"></City>
          <County xsi:nil="true"></County>
          <Country xsi:nil="true"></Country>
          <Fax xsi:nil="true"></Fax>
          <FreightTermsCode xsi:nil="true"></FreightTermsCode>
          <ImportSequenceNumber xsi:nil="true"></ImportSequenceNumber>
          <Latitude xsi:nil="true"></Latitude>
          <Line1 xsi:nil="true"></Line1>
          <Line2 xsi:nil="true"></Line2>
          <Line3 xsi:nil="true"></Line3>
          <Longitude xsi:nil="true"></Longitude>
          <Name xsi:nil="true"></Name>
          <PostalCode xsi:nil="true"></PostalCode>
          <PostOfficeBox xsi:nil="true"></PostOfficeBox>
          <PrimaryContactName xsi:nil="true"></PrimaryContactName>
          <ShippingMethodCode>1</ShippingMethodCode>
          <StateOrProvince xsi:nil="true"></StateOrProvince>
          <Telephone1 xsi:nil="true"></Telephone1>
          <Telephone2 xsi:nil="true"></Telephone2>
          <Telephone3 xsi:nil="true"></Telephone3>
          <TimeZoneRuleVersionNumber xsi:nil="true"></TimeZoneRuleVersionNumber>
          <UPSZone xsi:nil="true"></UPSZone>
          <UTCOffset xsi:nil="true"></UTCOffset>
          <UTCConversionTimeZoneCode xsi:nil="true"></UTCConversionTimeZoneCode>
        </Address>
        <Address>
          <AddressNumber>2</AddressNumber>
          <AddressTypeCode>1</AddressTypeCode>
          <City xsi:nil="true"></City>
          <County xsi:nil="true"></County>
          <Country xsi:nil="true"></Country>
          <Fax xsi:nil="true"></Fax>
          <FreightTermsCode xsi:nil="true"></FreightTermsCode>
          <ImportSequenceNumber xsi:nil="true"></ImportSequenceNumber>
          <Latitude xsi:nil="true"></Latitude>
          <Line1 xsi:nil="true"></Line1>
          <Line2 xsi:nil="true"></Line2>
          <Line3 xsi:nil="true"></Line3>
          <Longitude xsi:nil="true"></Longitude>
          <Name xsi:nil="true"></Name>
          <PostalCode xsi:nil="true"></PostalCode>
          <PostOfficeBox xsi:nil="true"></PostOfficeBox>
          <PrimaryContactName xsi:nil="true"></PrimaryContactName>
          <ShippingMethodCode>1</ShippingMethodCode>
          <StateOrProvince xsi:nil="true"></StateOrProvince>
          <Telephone1 xsi:nil="true"></Telephone1>
          <Telephone2 xsi:nil="true"></Telephone2>
          <Telephone3 xsi:nil="true"></Telephone3>
          <TimeZoneRuleVersionNumber xsi:nil="true"></TimeZoneRuleVersionNumber>
          <UPSZone xsi:nil="true"></UPSZone>
          <UTCOffset xsi:nil="true"></UTCOffset>
          <UTCConversionTimeZoneCode xsi:nil="true"></UTCConversionTimeZoneCode>
        </Address>
      </Addresses>
    </Publisher>
    <RootComponents>
      <RootComponent type="1" schemaName="account" behavior="0" />
      <RootComponent type="1" schemaName="contact" behavior="0" />
      <RootComponent type="1" schemaName="plas_order" behavior="0" />
      <RootComponent type="1" schemaName="plas_orderproduct" behavior="0" />
      <RootComponent type="1" schemaName="product" behavior="0" />
      <RootComponent type="29" id="{5a313819-7bb4-40d2-8da5-fee55a9c5286}" behavior="0" />
      <RootComponent type="29" id="{617d8b6c-e82b-49be-96c9-5a7ccc86f1e3}" behavior="0" />
      <RootComponent type="60" id="{15915835-b87c-49ec-9ffc-bfac3ac44ef1}" />
      <RootComponent type="60" id="{70ad8b15-e3f3-4d7d-9e4b-16cb4e51b484}" />
      <RootComponent type="62" schemaName="plas_PluginAssignmentApp" behavior="0" />
      <RootComponent type="80" schemaName="plas_PluginAssignmentApp" behavior="0" />
    </RootComponents>
    <MissingDependencies>
      <MissingDependency>
        <Required type="1" schemaName="cr675_book" displayName="Book" solution="Active" />
        <Dependent type="1" schemaName="contact" displayName="Contact" />
      </MissingDependency>
      <MissingDependency>
        <Required type="1" schemaName="cr675_event" displayName="Event" solution="Active" />
        <Dependent type="1" schemaName="contact" displayName="Contact" />
      </MissingDependency>
      <MissingDependency>
        <Required type="1" schemaName="cr675_project" displayName="Project" solution="Active" />
        <Dependent type="1" schemaName="account" displayName="Account" />
      </MissingDependency>
      <MissingDependency>
        <Required type="1" schemaName="entitlement" displayName="Entitlement" solution="msdynce_Service (9.0.5.56)">
          <package>msdynce_ServiceAnchor (9.0.22091.1012)</package>
        </Required>
        <Dependent type="60" displayName="Contact" parentDisplayName="Contact" id="{1fed44d1-ae68-4a41-bd2b-f13acac4acfa}" />
      </MissingDependency>
      <MissingDependency>
        <Required type="1" schemaName="entitlement" displayName="Entitlement" solution="msdynce_Service (9.0.5.56)">
          <package>msdynce_ServiceAnchor (9.0.22091.1012)</package>
        </Required>
        <Dependent type="60" displayName="Student main form" parentDisplayName="Contact" id="{80ec72a9-b01f-ed11-b83e-000d3a37e045}" />
      </MissingDependency>
      <MissingDependency>
        <Required type="1" schemaName="incident" displayName="Case" solution="msdynce_Service (9.0.5.56)">
          <package>msdynce_ServiceAnchor (9.0.22091.1012)</package>
        </Required>
        <Dependent type="60" displayName="Contact" parentDisplayName="Contact" id="{1fed44d1-ae68-4a41-bd2b-f13acac4acfa}" />
      </MissingDependency>
      <MissingDependency>
        <Required type="1" schemaName="incident" displayName="Case" solution="msdynce_Service (9.0.5.56)">
          <package>msdynce_ServiceAnchor (9.0.22091.1012)</package>
        </Required>
        <Dependent type="60" displayName="Student main form" parentDisplayName="Contact" id="{80ec72a9-b01f-ed11-b83e-000d3a37e045}" />
      </MissingDependency>
      <MissingDependency>
        <Required type="1" schemaName="incident" displayName="Case" solution="msdynce_Service (9.0.5.56)">
          <package>msdynce_ServiceAnchor (9.0.22091.1012)</package>
        </Required>
        <Dependent type="60" displayName="Contact for Multisession experience" parentDisplayName="Contact" id="{e06af4d1-2812-45c7-a9c2-9fb73fee7bec}" />
      </MissingDependency>
      <MissingDependency>
        <Required type="1" schemaName="incident" displayName="Case" solution="msdynce_Service (9.0.5.56)">
          <package>msdynce_ServiceAnchor (9.0.22091.1012)</package>
        </Required>
        <Dependent type="60" displayName="Account for Multisession experience" parentDisplayName="Account" id="{ff49442f-8c60-4877-bdae-8fe51e6f4636}" />
      </MissingDependency>
      <MissingDependency>
        <Required type="1" schemaName="msdyn_accountkpiitem" displayName="Account KPI Item" solution="RelationshipAnalytics (9.0.1.1756)">
          <package>SalesInsightsAddOn (9.0.22091.10006)</package>
        </Required>
        <Dependent type="1" schemaName="account" displayName="Account" />
      </MissingDependency>
      <MissingDependency>
        <Required type="1" schemaName="msdyn_accountkpiitem" displayName="Account KPI Item" solution="RelationshipAnalytics (9.0.1.1756)">
          <package>SalesInsightsAddOn (9.0.22091.10006)</package>
        </Required>
        <Dependent type="10" schemaName="msdyn_msdyn_accountkpiitem_account_accountkpiid" displayName="msdyn_msdyn_accountkpiitem_account_accountkpiid" parentSchemaName="msdyn_accountkpiitem" parentDisplayName="Account KPI Item" />
      </MissingDependency>
      <MissingDependency>
        <Required type="1" schemaName="msdyn_aicontactsuggestion" displayName="Teams Contact Suggestion by AI" solution="msdyn_Collaboration (9.1.22091.10003)">
          <package>msdynce_OfficeProductivityAnchor (9.0.22091.10002)</package>
        </Required>
        <Dependent type="1" schemaName="account" displayName="Account" />
      </MissingDependency>
      <MissingDependency>
        <Required type="1" schemaName="msdyn_contactkpiitem" displayName="Contact KPI Item" solution="RelationshipAnalytics (9.0.1.1756)">
          <package>SalesInsightsAddOn (9.0.22091.10006)</package>
        </Required>
        <Dependent type="1" schemaName="contact" displayName="Contact" />
      </MissingDependency>
      <MissingDependency>
        <Required type="1" schemaName="msdyn_contactkpiitem" displayName="Contact KPI Item" solution="RelationshipAnalytics (9.0.1.1756)">
          <package>SalesInsightsAddOn (9.0.22091.10006)</package>
        </Required>
        <Dependent type="10" schemaName="msdyn_msdyn_contactkpiitem_contact_contactkpiid" displayName="msdyn_msdyn_contactkpiitem_contact_contactkpiid" parentSchemaName="msdyn_contactkpiitem" parentDisplayName="Contact KPI Item" />
      </MissingDependency>
      <MissingDependency>
        <Required type="1" schemaName="msdyn_customerasset" displayName="Customer Asset" solution="msdyn_AssetCommon (1.0.26.9)">
          <package>msdynce_ServiceAnchor (9.0.22091.1012)</package>
        </Required>
        <Dependent type="1" schemaName="account" displayName="Account" />
      </MissingDependency>
      <MissingDependency>
        <Required type="1" schemaName="msdyn_customerasset" displayName="Customer Asset" solution="msdyn_AssetCommon (1.0.26.9)">
          <package>msdynce_ServiceAnchor (9.0.22091.1012)</package>
        </Required>
        <Dependent type="1" schemaName="product" displayName="Product" />
      </MissingDependency>
      <MissingDependency>
        <Required type="1" schemaName="msdyn_dailyaccountkpiitem" displayName="Daily Kpis for account" solution="RelationshipAnalytics (9.0.1.1756)">
          <package>SalesInsightsAddOn (9.0.22091.10006)</package>
        </Required>
        <Dependent type="1" schemaName="account" displayName="Account" />
      </MissingDependency>
      <MissingDependency>
        <Required type="1" schemaName="msdyn_dailycontactkpiitem" displayName="Daily kpis for contact" solution="RelationshipAnalytics (9.0.1.1756)">
          <package>SalesInsightsAddOn (9.0.22091.10006)</package>
        </Required>
        <Dependent type="1" schemaName="contact" displayName="Contact" />
      </MissingDependency>
      <MissingDependency>
        <Required type="1" schemaName="msdyn_iotdevice" displayName="IoT Device" solution="IoTConnector (1.8.9.7)">
          <package>msdynce_ServiceAnchor (9.0.22091.1012)</package>
        </Required>
        <Dependent type="1" schemaName="account" displayName="Account" />
      </MissingDependency>
      <MissingDependency>
        <Required type="1" schemaName="msdyn_liveconversation" displayName="Ongoing conversation (Deprecated)" solution="OmnichannelBase (1.5.0.5812)">
          <package>UnifiedRoutingPrimeAnchor (1.5.16.6139)</package>
        </Required>
        <Dependent type="1" schemaName="account" displayName="Account" />
      </MissingDependency>
      <MissingDependency>
        <Required type="1" schemaName="msdyn_liveconversation" displayName="Ongoing conversation (Deprecated)" solution="OmnichannelBase (1.5.0.5812)">
          <package>UnifiedRoutingPrimeAnchor (1.5.16.6139)</package>
        </Required>
        <Dependent type="1" schemaName="contact" displayName="Contact" />
      </MissingDependency>
      <MissingDependency>
        <Required type="1" schemaName="msdyn_mostcontacted" displayName="Most Contacted" solution="RelationshipAnalytics (9.0.1.1756)">
          <package>SalesInsightsAddOn (9.0.22091.10006)</package>
        </Required>
        <Dependent type="1" schemaName="account" displayName="Account" />
      </MissingDependency>
      <MissingDependency>
        <Required type="1" schemaName="msdyn_mostcontacted" displayName="Most Contacted" solution="RelationshipAnalytics (9.0.1.1756)">
          <package>SalesInsightsAddOn (9.0.22091.10006)</package>
        </Required>
        <Dependent type="1" schemaName="contact" displayName="Contact" />
      </MissingDependency>
      <MissingDependency>
        <Required type="1" schemaName="msdyn_mostcontactedby" displayName="Most Contacted By" solution="RelationshipAnalytics (9.0.1.1756)">
          <package>SalesInsightsAddOn (9.0.22091.10006)</package>
        </Required>
        <Dependent type="1" schemaName="account" displayName="Account" />
      </MissingDependency>
      <MissingDependency>
        <Required type="1" schemaName="msdyn_mostcontactedby" displayName="Most Contacted By" solution="RelationshipAnalytics (9.0.1.1756)">
          <package>SalesInsightsAddOn (9.0.22091.10006)</package>
        </Required>
        <Dependent type="1" schemaName="contact" displayName="Contact" />
      </MissingDependency>
      <MissingDependency>
        <Required type="1" schemaName="msdyn_ocliveworkitem" displayName="Conversation" solution="OmnichannelBase (1.5.0.5812)">
          <package>UnifiedRoutingPrimeAnchor (1.5.16.6139)</package>
        </Required>
        <Dependent type="1" schemaName="account" displayName="Account" />
      </MissingDependency>
      <MissingDependency>
        <Required type="1" schemaName="msdyn_ocliveworkitem" displayName="Conversation" solution="OmnichannelBase (1.5.0.5812)">
          <package>UnifiedRoutingPrimeAnchor (1.5.16.6139)</package>
        </Required>
        <Dependent type="1" schemaName="contact" displayName="Contact" />
      </MissingDependency>
      <MissingDependency>
        <Required type="1" schemaName="msdyn_preferredagent" displayName="Preferred Agent" solution="UnifiedRouting (1.0.0.2650)">
          <package>UnifiedRoutingPrimeAnchor (1.5.16.6139)</package>
        </Required>
        <Dependent type="1" schemaName="account" displayName="Account" />
      </MissingDependency>
      <MissingDependency>
        <Required type="1" schemaName="msdyn_preferredagent" displayName="Preferred Agent" solution="UnifiedRouting (1.0.0.2650)">
          <package>UnifiedRoutingPrimeAnchor (1.5.16.6139)</package>
        </Required>
        <Dependent type="1" schemaName="contact" displayName="Contact" />
      </MissingDependency>
      <MissingDependency>
        <Required type="1" schemaName="msdyn_salesaccelerationinsight" displayName="Sales acceleration insights" solution="msdyn_acceleratedsales (9.1.22084.10005)">
          <package>msdyn_AcceleratedSalesAnchor (9.1.22084.10005)</package>
        </Required>
        <Dependent type="1" schemaName="account" displayName="Account" />
      </MissingDependency>
      <MissingDependency>
        <Required type="1" schemaName="msdyn_salesaccelerationinsight" displayName="Sales acceleration insights" solution="msdyn_acceleratedsales (9.1.22084.10005)">
          <package>msdyn_AcceleratedSalesAnchor (9.1.22084.10005)</package>
        </Required>
        <Dependent type="10" schemaName="msdyn_insightsid_salesaccelerationinsights" displayName="msdyn_insightsid_salesaccelerationinsights" parentSchemaName="msdyn_salesaccelerationinsight" parentDisplayName="Sales acceleration insights" />
      </MissingDependency>
      <MissingDependency>
        <Required type="1" schemaName="msdyn_salespremiumdemo" displayName="Sales Premium Demo" solution="msdyn_SalesPremiumSampleData (9.0.1.1128)" />
        <Dependent type="1" schemaName="account" displayName="Account" />
      </MissingDependency>
      <MissingDependency>
        <Required type="1" schemaName="msdyn_salespremiumdemo" displayName="Sales Premium Demo" solution="msdyn_SalesPremiumSampleData (9.0.1.1128)" />
        <Dependent type="1" schemaName="contact" displayName="Contact" />
      </MissingDependency>
      <MissingDependency>
        <Required type="1" schemaName="msdyn_salespremiumdemo" displayName="Sales Premium Demo" solution="msdyn_SalesPremiumSampleData (9.0.1.1128)" />
        <Dependent type="1" schemaName="product" displayName="Product" />
      </MissingDependency>
      <MissingDependency>
        <Required type="1" schemaName="msdyn_salessuggestion" displayName="Suggestion" solution="msdyn_acceleratedsales (9.1.22084.10005)">
          <package>msdyn_AcceleratedSalesAnchor (9.1.22084.10005)</package>
        </Required>
        <Dependent type="1" schemaName="account" displayName="Account" />
      </MissingDependency>
      <MissingDependency>
        <Required type="1" schemaName="msdyn_segment" displayName="Segment" solution="msdyn_segment (9.1.2208.4001)">
          <package>msdyn_AcceleratedSalesAnchor (9.1.22084.10005)</package>
        </Required>
        <Dependent type="10" schemaName="msdyn_msdyn_segment_account" displayName="msdyn_msdyn_segment_account" parentSchemaName="msdyn_segment" parentDisplayName="Segment" />
      </MissingDependency>
      <MissingDependency>
        <Required type="1" schemaName="msdyn_segment" displayName="Segment" solution="msdyn_segment (9.1.2208.4001)">
          <package>msdyn_AcceleratedSalesAnchor (9.1.22084.10005)</package>
        </Required>
        <Dependent type="10" schemaName="msdyn_msdyn_segment_contact" displayName="msdyn_msdyn_segment_contact" parentSchemaName="msdyn_segment" parentDisplayName="Segment" />
      </MissingDependency>
      <MissingDependency>
        <Required type="1" schemaName="msdyn_sequencetarget" displayName="Sequence Target" solution="msdyn_Sequence (9.1.2208.4002)">
          <package>msdyn_AcceleratedSalesAnchor (9.1.22084.10005)</package>
        </Required>
        <Dependent type="1" schemaName="account" displayName="Account" />
      </MissingDependency>
      <MissingDependency>
        <Required type="1" schemaName="msdyn_sequencetarget" displayName="Sequence Target" solution="msdyn_Sequence (9.1.2208.4002)">
          <package>msdyn_AcceleratedSalesAnchor (9.1.22084.10005)</package>
        </Required>
        <Dependent type="1" schemaName="contact" displayName="Contact" />
      </MissingDependency>
      <MissingDependency>
        <Required type="1" schemaName="msdyn_swarm" displayName="Swarm" solution="msdyn_Swarming (9.0.22091.1005)">
          <package>msdyn_ServiceExtendedAnchor (9.0.22091.1005)</package>
        </Required>
        <Dependent type="1" schemaName="account" displayName="Account" />
      </MissingDependency>
      <MissingDependency>
        <Required type="1" schemaName="msdyn_taggedrecord" displayName="Tagged Record" solution="msdyn_VivaSalesCore (9.0.0.1567)">
          <package>msdynce_SalesAnchor (9.0.22084.10003)</package>
        </Required>
        <Dependent type="1" schemaName="contact" displayName="Contact" />
      </MissingDependency>
      <MissingDependency>
        <Required type="1" schemaName="opportunity" displayName="Opportunity" solution="msdynce_Sales (9.0.4.0076)">
          <package>msdynce_SalesAnchor (9.0.22084.10003)</package>
        </Required>
        <Dependent type="60" displayName="Contact" parentDisplayName="Contact" id="{1fed44d1-ae68-4a41-bd2b-f13acac4acfa}" />
      </MissingDependency>
      <MissingDependency>
        <Required type="1" schemaName="opportunity" displayName="Opportunity" solution="msdynce_Sales (9.0.4.0076)">
          <package>msdynce_SalesAnchor (9.0.22084.10003)</package>
        </Required>
        <Dependent type="60" displayName="Student main form" parentDisplayName="Contact" id="{80ec72a9-b01f-ed11-b83e-000d3a37e045}" />
      </MissingDependency>
      <MissingDependency>
        <Required type="1" schemaName="pg_playgroundtable" displayName="PlaygroundTable" solution="Active" />
        <Dependent type="1" schemaName="account" displayName="Account" />
      </MissingDependency>
      <MissingDependency>
        <Required type="1" schemaName="pg_playgroundtable" displayName="PlaygroundTable" solution="Active" />
        <Dependent type="1" schemaName="contact" displayName="Contact" />
      </MissingDependency>
      <MissingDependency>
        <Required type="1" schemaName="product" displayName="Product" solution="msdynce_ProductManagement (9.0.4.0066)">
          <package>msdynce_ProductManagementAnchor (9.0.22084.10001)</package>
        </Required>
        <Dependent type="1" schemaName="product" displayName="Product" />
      </MissingDependency>
      <MissingDependency>
        <Required type="1" schemaName="product" displayName="Product" solution="msdynce_ProductManagement (9.0.4.0066)">
          <package>msdynce_ProductManagementAnchor (9.0.22084.10001)</package>
        </Required>
        <Dependent type="10" schemaName="plas_plas_orderproduct_Product_product" displayName="plas_plas_orderproduct_Product_product" parentSchemaName="product" parentDisplayName="Product" />
      </MissingDependency>
      <MissingDependency>
        <Required type="1" schemaName="product" displayName="Product" solution="msdynce_ProductManagement (9.0.4.0066)">
          <package>msdynce_ProductManagementAnchor (9.0.22084.10001)</package>
        </Required>
        <Dependent type="2" schemaName="exchangerate" displayName="Exchange Rate" parentSchemaName="product" parentDisplayName="Product" />
      </MissingDependency>
      <MissingDependency>
        <Required type="1" schemaName="product" displayName="Product" solution="msdynce_ProductManagement (9.0.4.0066)">
          <package>msdynce_ProductManagementAnchor (9.0.22084.10001)</package>
        </Required>
        <Dependent type="62" schemaName="plas_PluginAssignmentApp" />
      </MissingDependency>
      <MissingDependency>
        <Required type="1" schemaName="product" displayName="Product" solution="msdynce_ProductManagement (9.0.4.0066)">
          <package>msdynce_ProductManagementAnchor (9.0.22084.10001)</package>
        </Required>
        <Dependent type="80" schemaName="plas_PluginAssignmentApp" displayName="Plugin Assignment App" />
      </MissingDependency>
      <MissingDependency>
        <Required type="1" schemaName="salesorder" displayName="Order" solution="msdynce_Sales (9.0.4.0076)">
          <package>msdynce_SalesAnchor (9.0.22084.10003)</package>
        </Required>
        <Dependent type="60" displayName="Order Main Form" parentDisplayName="Order" id="{71eb3f51-931d-41ab-a329-1fcd5471a1c1}" />
      </MissingDependency>
      <MissingDependency>
        <Required type="10" schemaName="msdyn_msdyn_accountkpiitem_account_accountkpiid" displayName="msdyn_msdyn_accountkpiitem_account_accountkpiid" parentSchemaName="msdyn_accountkpiitem" parentDisplayName="Account KPI Item" solution="RelationshipAnalytics (9.0.1.1756)">
          <package>SalesInsightsAddOn (9.0.22091.10006)</package>
        </Required>
        <Dependent type="10" schemaName="msdyn_msdyn_accountkpiitem_account_accountkpiid" displayName="msdyn_msdyn_accountkpiitem_account_accountkpiid" parentSchemaName="msdyn_accountkpiitem" parentDisplayName="Account KPI Item" />
      </MissingDependency>
      <MissingDependency>
        <Required type="10" schemaName="msdyn_msdyn_contactkpiitem_contact_contactkpiid" displayName="msdyn_msdyn_contactkpiitem_contact_contactkpiid" parentSchemaName="msdyn_contactkpiitem" parentDisplayName="Contact KPI Item" solution="RelationshipAnalytics (9.0.1.1756)">
          <package>SalesInsightsAddOn (9.0.22091.10006)</package>
        </Required>
        <Dependent type="10" schemaName="msdyn_msdyn_contactkpiitem_contact_contactkpiid" displayName="msdyn_msdyn_contactkpiitem_contact_contactkpiid" parentSchemaName="msdyn_contactkpiitem" parentDisplayName="Contact KPI Item" />
      </MissingDependency>
      <MissingDependency>
        <Required type="10" schemaName="msdyn_msdyn_contactkpiitem_contact_contactkpiid" displayName="msdyn_msdyn_contactkpiitem_contact_contactkpiid" parentSchemaName="msdyn_contactkpiitem" parentDisplayName="Contact KPI Item" solution="RelationshipAnalytics (9.0.1.1756)">
          <package>SalesInsightsAddOn (9.0.22091.10006)</package>
        </Required>
        <Dependent type="60" displayName="Student main form" parentDisplayName="Contact" id="{80ec72a9-b01f-ed11-b83e-000d3a37e045}" />
      </MissingDependency>
      <MissingDependency>
        <Required type="10" schemaName="msdyn_insightsid_salesaccelerationinsights" displayName="msdyn_insightsid_salesaccelerationinsights" parentSchemaName="msdyn_salesaccelerationinsight" parentDisplayName="Sales acceleration insights" solution="msdyn_acceleratedsales (9.1.22084.10005)">
          <package>msdyn_AcceleratedSalesAnchor (9.1.22084.10005)</package>
        </Required>
        <Dependent type="10" schemaName="msdyn_insightsid_salesaccelerationinsights" displayName="msdyn_insightsid_salesaccelerationinsights" parentSchemaName="msdyn_salesaccelerationinsight" parentDisplayName="Sales acceleration insights" />
      </MissingDependency>
      <MissingDependency>
        <Required type="2" schemaName="defaultpricelevelid" displayName="Price List" parentSchemaName="account" parentDisplayName="Account" solution="msdynce_ProductManagement (9.0.4.0066)">
          <package>msdynce_ProductManagementAnchor (9.0.22084.10001)</package>
        </Required>
        <Dependent type="60" displayName="Information" parentDisplayName="Account" id="{b053a39a-041a-4356-acef-ddf00182762b}" />
      </MissingDependency>
      <MissingDependency>
        <Required type="2" schemaName="msdyn_accountkpiid" displayName="KPI" parentSchemaName="account" parentDisplayName="Account" solution="RelationshipAnalytics (9.0.1.1756)">
          <package>SalesInsightsAddOn (9.0.22091.10006)</package>
        </Required>
        <Dependent type="10" schemaName="msdyn_msdyn_accountkpiitem_account_accountkpiid" displayName="msdyn_msdyn_accountkpiitem_account_accountkpiid" parentSchemaName="msdyn_accountkpiitem" parentDisplayName="Account KPI Item" />
      </MissingDependency>
      <MissingDependency>
        <Required type="2" schemaName="msdyn_salesaccelerationinsightid" displayName="Sales Acceleration Insights ID" parentSchemaName="account" parentDisplayName="Account" solution="msdyn_acceleratedsales (9.1.22084.10005)">
          <package>msdyn_AcceleratedSalesAnchor (9.1.22084.10005)</package>
        </Required>
        <Dependent type="10" schemaName="msdyn_insightsid_salesaccelerationinsights" displayName="msdyn_insightsid_salesaccelerationinsights" parentSchemaName="msdyn_salesaccelerationinsight" parentDisplayName="Sales acceleration insights" />
      </MissingDependency>
      <MissingDependency>
        <Required type="2" schemaName="originatingleadid" displayName="Originating Lead" parentSchemaName="account" parentDisplayName="Account" solution="msdynce_LeadManagement (9.0.4.0066)">
          <package>msdynce_LeadManagementAnchor (9.0.22084.10001)</package>
        </Required>
        <Dependent type="60" displayName="Information" parentDisplayName="Account" id="{b053a39a-041a-4356-acef-ddf00182762b}" />
      </MissingDependency>
      <MissingDependency>
        <Required type="2" schemaName="originatingleadid" displayName="Originating Lead" parentSchemaName="account" parentDisplayName="Account" solution="msdynce_LeadManagement (9.0.4.0066)">
          <package>msdynce_LeadManagementAnchor (9.0.22084.10001)</package>
        </Required>
        <Dependent type="60" displayName="Account for Multisession experience" parentDisplayName="Account" id="{ff49442f-8c60-4877-bdae-8fe51e6f4636}" />
      </MissingDependency>
      <MissingDependency>
        <Required type="2" schemaName="territoryid" displayName="Territory" parentSchemaName="account" parentDisplayName="Account" solution="msdynce_Sales (9.0.4.0076)">
          <package>msdynce_SalesAnchor (9.0.22084.10003)</package>
        </Required>
        <Dependent type="60" displayName="Information" parentDisplayName="Account" id="{b053a39a-041a-4356-acef-ddf00182762b}" />
      </MissingDependency>
      <MissingDependency>
        <Required type="2" schemaName="businesscard" displayName="Business Card" parentSchemaName="contact" parentDisplayName="Contact" solution="msdynce_SalesPatch201904 (9.0.1912.1007)">
          <package>msdynce_SalesAnchor (9.0.22084.10003)</package>
        </Required>
        <Dependent type="60" displayName="Contact" parentDisplayName="Contact" id="{1fed44d1-ae68-4a41-bd2b-f13acac4acfa}" />
      </MissingDependency>
      <MissingDependency>
        <Required type="2" schemaName="businesscard" displayName="Business Card" parentSchemaName="contact" parentDisplayName="Contact" solution="msdynce_SalesPatch201904 (9.0.1912.1007)">
          <package>msdynce_SalesAnchor (9.0.22084.10003)</package>
        </Required>
        <Dependent type="60" displayName="Student main form" parentDisplayName="Contact" id="{80ec72a9-b01f-ed11-b83e-000d3a37e045}" />
      </MissingDependency>
      <MissingDependency>
        <Required type="2" schemaName="businesscardattributes" displayName="BusinessCardAttributes" parentSchemaName="contact" parentDisplayName="Contact" solution="msdynce_SalesPatch201904 (9.0.1912.1007)">
          <package>msdynce_SalesAnchor (9.0.22084.10003)</package>
        </Required>
        <Dependent type="60" displayName="Contact" parentDisplayName="Contact" id="{1fed44d1-ae68-4a41-bd2b-f13acac4acfa}" />
      </MissingDependency>
      <MissingDependency>
        <Required type="2" schemaName="businesscardattributes" displayName="BusinessCardAttributes" parentSchemaName="contact" parentDisplayName="Contact" solution="msdynce_SalesPatch201904 (9.0.1912.1007)">
          <package>msdynce_SalesAnchor (9.0.22084.10003)</package>
        </Required>
        <Dependent type="60" displayName="Student main form" parentDisplayName="Contact" id="{80ec72a9-b01f-ed11-b83e-000d3a37e045}" />
      </MissingDependency>
      <MissingDependency>
        <Required type="2" schemaName="defaultpricelevelid" displayName="Price List" parentSchemaName="contact" parentDisplayName="Contact" solution="msdynce_ProductManagement (9.0.4.0066)">
          <package>msdynce_ProductManagementAnchor (9.0.22084.10001)</package>
        </Required>
        <Dependent type="60" displayName="Information" parentDisplayName="Contact" id="{894cc46a-b0cb-4ab0-8bf6-200544e46a2d}" />
      </MissingDependency>
      <MissingDependency>
        <Required type="2" schemaName="msdyn_contactkpiid" displayName="KPI" parentSchemaName="contact" parentDisplayName="Contact" solution="RelationshipAnalytics (9.0.1.1756)">
          <package>SalesInsightsAddOn (9.0.22091.10006)</package>
        </Required>
        <Dependent type="10" schemaName="msdyn_msdyn_contactkpiitem_contact_contactkpiid" displayName="msdyn_msdyn_contactkpiitem_contact_contactkpiid" parentSchemaName="msdyn_contactkpiitem" parentDisplayName="Contact KPI Item" />
      </MissingDependency>
      <MissingDependency>
        <Required type="2" schemaName="msdyn_contactkpiid" displayName="KPI" parentSchemaName="contact" parentDisplayName="Contact" solution="RelationshipAnalytics (9.0.1.1756)">
          <package>SalesInsightsAddOn (9.0.22091.10006)</package>
        </Required>
        <Dependent type="60" displayName="Student main form" parentDisplayName="Contact" id="{80ec72a9-b01f-ed11-b83e-000d3a37e045}" />
      </MissingDependency>
      <MissingDependency>
        <Required type="2" schemaName="originatingleadid" displayName="Originating Lead" parentSchemaName="contact" parentDisplayName="Contact" solution="msdynce_LeadManagement (9.0.4.0066)">
          <package>msdynce_LeadManagementAnchor (9.0.22084.10001)</package>
        </Required>
        <Dependent type="60" displayName="Contact" parentDisplayName="Contact" id="{1fed44d1-ae68-4a41-bd2b-f13acac4acfa}" />
      </MissingDependency>
      <MissingDependency>
        <Required type="2" schemaName="originatingleadid" displayName="Originating Lead" parentSchemaName="contact" parentDisplayName="Contact" solution="msdynce_LeadManagement (9.0.4.0066)">
          <package>msdynce_LeadManagementAnchor (9.0.22084.10001)</package>
        </Required>
        <Dependent type="60" displayName="Student main form" parentDisplayName="Contact" id="{80ec72a9-b01f-ed11-b83e-000d3a37e045}" />
      </MissingDependency>
      <MissingDependency>
        <Required type="2" schemaName="originatingleadid" displayName="Originating Lead" parentSchemaName="contact" parentDisplayName="Contact" solution="msdynce_LeadManagement (9.0.4.0066)">
          <package>msdynce_LeadManagementAnchor (9.0.22084.10001)</package>
        </Required>
        <Dependent type="60" displayName="Information" parentDisplayName="Contact" id="{894cc46a-b0cb-4ab0-8bf6-200544e46a2d}" />
      </MissingDependency>
      <MissingDependency>
        <Required type="2" schemaName="originatingleadid" displayName="Originating Lead" parentSchemaName="contact" parentDisplayName="Contact" solution="msdynce_LeadManagement (9.0.4.0066)">
          <package>msdynce_LeadManagementAnchor (9.0.22084.10001)</package>
        </Required>
        <Dependent type="60" displayName="Contact for Multisession experience" parentDisplayName="Contact" id="{e06af4d1-2812-45c7-a9c2-9fb73fee7bec}" />
      </MissingDependency>
      <MissingDependency>
        <Required type="2" schemaName="preferredequipmentid" displayName="Preferred Facility/Equipment" parentSchemaName="contact" parentDisplayName="Contact" solution="msdynce_Service (9.0.5.56)">
          <package>msdynce_ServiceAnchor (9.0.22091.1012)</package>
        </Required>
        <Dependent type="60" displayName="Information" parentDisplayName="Contact" id="{894cc46a-b0cb-4ab0-8bf6-200544e46a2d}" />
      </MissingDependency>
      <MissingDependency>
        <Required type="2" schemaName="preferredserviceid" displayName="Preferred Service" parentSchemaName="contact" parentDisplayName="Contact" solution="msdynce_Service (9.0.5.56)">
          <package>msdynce_ServiceAnchor (9.0.22091.1012)</package>
        </Required>
        <Dependent type="60" displayName="Information" parentDisplayName="Contact" id="{894cc46a-b0cb-4ab0-8bf6-200544e46a2d}" />
      </MissingDependency>
      <MissingDependency>
        <Required type="2" schemaName="name" displayName="Name" parentSchemaName="managedidentity" parentDisplayName="Managed Identity" solution="ManagedIdentityExtensions (1.0.6.0)" />
        <Dependent type="10" schemaName="agmu_contact_Manager_managedidentity" displayName="agmu_contact_Manager_managedidentity" parentSchemaName="managedidentity" parentDisplayName="Managed Identity" />
      </MissingDependency>
      <MissingDependency>
        <Required type="2" schemaName="msdyn_accountkpiitemid" displayName="Unique Identifier for Entity Instances" parentSchemaName="msdyn_accountkpiitem" parentDisplayName="Account KPI Item" solution="RelationshipAnalytics (9.0.1.1756)">
          <package>SalesInsightsAddOn (9.0.22091.10006)</package>
        </Required>
        <Dependent type="10" schemaName="msdyn_msdyn_accountkpiitem_account_accountkpiid" displayName="msdyn_msdyn_accountkpiitem_account_accountkpiid" parentSchemaName="msdyn_accountkpiitem" parentDisplayName="Account KPI Item" />
      </MissingDependency>
      <MissingDependency>
        <Required type="2" schemaName="msdyn_name" displayName="Custom Entity Name" parentSchemaName="msdyn_accountkpiitem" parentDisplayName="Account KPI Item" solution="RelationshipAnalytics (9.0.1.1756)">
          <package>SalesInsightsAddOn (9.0.22091.10006)</package>
        </Required>
        <Dependent type="10" schemaName="msdyn_msdyn_accountkpiitem_account_accountkpiid" displayName="msdyn_msdyn_accountkpiitem_account_accountkpiid" parentSchemaName="msdyn_accountkpiitem" parentDisplayName="Account KPI Item" />
      </MissingDependency>
      <MissingDependency>
        <Required type="2" schemaName="msdyn_contactkpiitemid" displayName="Unique Identifier for Entity Instances" parentSchemaName="msdyn_contactkpiitem" parentDisplayName="Contact KPI Item" solution="RelationshipAnalytics (9.0.1.1756)">
          <package>SalesInsightsAddOn (9.0.22091.10006)</package>
        </Required>
        <Dependent type="10" schemaName="msdyn_msdyn_contactkpiitem_contact_contactkpiid" displayName="msdyn_msdyn_contactkpiitem_contact_contactkpiid" parentSchemaName="msdyn_contactkpiitem" parentDisplayName="Contact KPI Item" />
      </MissingDependency>
      <MissingDependency>
        <Required type="2" schemaName="msdyn_name" displayName="Custom Entity Name" parentSchemaName="msdyn_contactkpiitem" parentDisplayName="Contact KPI Item" solution="RelationshipAnalytics (9.0.1.1756)">
          <package>SalesInsightsAddOn (9.0.22091.10006)</package>
        </Required>
        <Dependent type="10" schemaName="msdyn_msdyn_contactkpiitem_contact_contactkpiid" displayName="msdyn_msdyn_contactkpiitem_contact_contactkpiid" parentSchemaName="msdyn_contactkpiitem" parentDisplayName="Contact KPI Item" />
      </MissingDependency>
      <MissingDependency>
        <Required type="2" schemaName="msdyn_name" displayName="Name" parentSchemaName="msdyn_salesaccelerationinsight" parentDisplayName="Sales acceleration insights" solution="msdyn_acceleratedsales (9.1.22084.10005)">
          <package>msdyn_AcceleratedSalesAnchor (9.1.22084.10005)</package>
        </Required>
        <Dependent type="10" schemaName="msdyn_insightsid_salesaccelerationinsights" displayName="msdyn_insightsid_salesaccelerationinsights" parentSchemaName="msdyn_salesaccelerationinsight" parentDisplayName="Sales acceleration insights" />
      </MissingDependency>
      <MissingDependency>
        <Required type="2" schemaName="msdyn_salesaccelerationinsightid" displayName="Sales acceleration insights" parentSchemaName="msdyn_salesaccelerationinsight" parentDisplayName="Sales acceleration insights" solution="msdyn_acceleratedsales (9.1.22084.10005)">
          <package>msdyn_AcceleratedSalesAnchor (9.1.22084.10005)</package>
        </Required>
        <Dependent type="10" schemaName="msdyn_insightsid_salesaccelerationinsights" displayName="msdyn_insightsid_salesaccelerationinsights" parentSchemaName="msdyn_salesaccelerationinsight" parentDisplayName="Sales acceleration insights" />
      </MissingDependency>
      <MissingDependency>
        <Required type="2" schemaName="msdyn_name" displayName="Segment name" parentSchemaName="msdyn_segment" parentDisplayName="Segment" solution="msdyn_segment (9.1.2208.4001)">
          <package>msdyn_AcceleratedSalesAnchor (9.1.22084.10005)</package>
        </Required>
        <Dependent type="10" schemaName="msdyn_msdyn_segment_account" displayName="msdyn_msdyn_segment_account" parentSchemaName="msdyn_segment" parentDisplayName="Segment" />
      </MissingDependency>
      <MissingDependency>
        <Required type="2" schemaName="msdyn_name" displayName="Segment name" parentSchemaName="msdyn_segment" parentDisplayName="Segment" solution="msdyn_segment (9.1.2208.4001)">
          <package>msdyn_AcceleratedSalesAnchor (9.1.22084.10005)</package>
        </Required>
        <Dependent type="10" schemaName="msdyn_msdyn_segment_contact" displayName="msdyn_msdyn_segment_contact" parentSchemaName="msdyn_segment" parentDisplayName="Segment" />
      </MissingDependency>
      <MissingDependency>
        <Required type="2" schemaName="msdyn_segmentid" displayName="segment" parentSchemaName="msdyn_segment" parentDisplayName="Segment" solution="msdyn_segment (9.1.2208.4001)">
          <package>msdyn_AcceleratedSalesAnchor (9.1.22084.10005)</package>
        </Required>
        <Dependent type="10" schemaName="msdyn_msdyn_segment_account" displayName="msdyn_msdyn_segment_account" parentSchemaName="msdyn_segment" parentDisplayName="Segment" />
      </MissingDependency>
      <MissingDependency>
        <Required type="2" schemaName="msdyn_segmentid" displayName="segment" parentSchemaName="msdyn_segment" parentDisplayName="Segment" solution="msdyn_segment (9.1.2208.4001)">
          <package>msdyn_AcceleratedSalesAnchor (9.1.22084.10005)</package>
        </Required>
        <Dependent type="10" schemaName="msdyn_msdyn_segment_contact" displayName="msdyn_msdyn_segment_contact" parentSchemaName="msdyn_segment" parentDisplayName="Segment" />
      </MissingDependency>
      <MissingDependency>
        <Required type="2" schemaName="name" displayName="Name" parentSchemaName="product" parentDisplayName="Product" solution="msdynce_ProductManagement (9.0.4.0066)">
          <package>msdynce_ProductManagementAnchor (9.0.22084.10001)</package>
        </Required>
        <Dependent type="10" schemaName="plas_plas_orderproduct_Product_product" displayName="plas_plas_orderproduct_Product_product" parentSchemaName="product" parentDisplayName="Product" />
      </MissingDependency>
      <MissingDependency>
        <Required type="2" schemaName="productid" displayName="Product" parentSchemaName="product" parentDisplayName="Product" solution="msdynce_ProductManagement (9.0.4.0066)">
          <package>msdynce_ProductManagementAnchor (9.0.22084.10001)</package>
        </Required>
        <Dependent type="10" schemaName="plas_plas_orderproduct_Product_product" displayName="plas_plas_orderproduct_Product_product" parentSchemaName="product" parentDisplayName="Product" />
      </MissingDependency>
      <MissingDependency>
        <Required type="20" displayName="CSR Manager" solution="msdynce_Service (9.0.5.56)" id="{25d79781-1a53-4ee8-8c16-2537bc7146a5}" parentId="{1808b939-dd07-4ca7-aa99-ddd2734378f1}">
          <package>msdynce_ServiceAnchor (9.0.22091.1012)</package>
        </Required>
        <Dependent type="60" displayName="Contact for Multisession experience" parentDisplayName="Contact" id="{e06af4d1-2812-45c7-a9c2-9fb73fee7bec}" />
      </MissingDependency>
      <MissingDependency>
        <Required type="20" displayName="CSR Manager" solution="msdynce_Service (9.0.5.56)" id="{25d79781-1a53-4ee8-8c16-2537bc7146a5}" parentId="{1808b939-dd07-4ca7-aa99-ddd2734378f1}">
          <package>msdynce_ServiceAnchor (9.0.22091.1012)</package>
        </Required>
        <Dependent type="60" displayName="Account for Multisession experience" parentDisplayName="Account" id="{ff49442f-8c60-4877-bdae-8fe51e6f4636}" />
      </MissingDependency>
      <MissingDependency>
        <Required type="20" displayName="Customer service app access" solution="msdynce_Customerservicehub (9.0.5.0056)" id="{3dac4d9e-568c-e611-80d4-00155d42a122}">
          <package>msdynce_ServiceAnchor (9.0.22091.1012)</package>
        </Required>
        <Dependent type="60" displayName="Contact for Multisession experience" parentDisplayName="Contact" id="{e06af4d1-2812-45c7-a9c2-9fb73fee7bec}" />
      </MissingDependency>
      <MissingDependency>
        <Required type="20" displayName="Customer service app access" solution="msdynce_Customerservicehub (9.0.5.0056)" id="{3dac4d9e-568c-e611-80d4-00155d42a122}">
          <package>msdynce_ServiceAnchor (9.0.22091.1012)</package>
        </Required>
        <Dependent type="60" displayName="Account for Multisession experience" parentDisplayName="Account" id="{ff49442f-8c60-4877-bdae-8fe51e6f4636}" />
      </MissingDependency>
      <MissingDependency>
        <Required type="20" displayName="Customer Service Representative" solution="msdynce_Service (9.0.5.56)" id="{f663bc5b-0b2e-47ee-993d-ef6602bb74e8}" parentId="{ecfd0b44-5720-45e3-ae68-417ddb0fb654}">
          <package>msdynce_ServiceAnchor (9.0.22091.1012)</package>
        </Required>
        <Dependent type="60" displayName="Contact for Multisession experience" parentDisplayName="Contact" id="{e06af4d1-2812-45c7-a9c2-9fb73fee7bec}" />
      </MissingDependency>
      <MissingDependency>
        <Required type="20" displayName="Customer Service Representative" solution="msdynce_Service (9.0.5.56)" id="{f663bc5b-0b2e-47ee-993d-ef6602bb74e8}" parentId="{ecfd0b44-5720-45e3-ae68-417ddb0fb654}">
          <package>msdynce_ServiceAnchor (9.0.22091.1012)</package>
        </Required>
        <Dependent type="60" displayName="Account for Multisession experience" parentDisplayName="Account" id="{ff49442f-8c60-4877-bdae-8fe51e6f4636}" />
      </MissingDependency>
      <MissingDependency>
        <Required type="26" schemaName="My Active Cases" displayName="My Active Cases" parentSchemaName="incident" parentDisplayName="Case" solution="msdynce_Service (9.0.5.56)" id="{00000000-0000-0000-00aa-000010001028}">
          <package>msdynce_ServiceAnchor (9.0.22091.1012)</package>
        </Required>
        <Dependent type="60" displayName="Contact" parentDisplayName="Contact" id="{1fed44d1-ae68-4a41-bd2b-f13acac4acfa}" />
      </MissingDependency>
      <MissingDependency>
        <Required type="26" schemaName="My Active Cases" displayName="My Active Cases" parentSchemaName="incident" parentDisplayName="Case" solution="msdynce_Service (9.0.5.56)" id="{00000000-0000-0000-00aa-000010001028}">
          <package>msdynce_ServiceAnchor (9.0.22091.1012)</package>
        </Required>
        <Dependent type="60" displayName="Student main form" parentDisplayName="Contact" id="{80ec72a9-b01f-ed11-b83e-000d3a37e045}" />
      </MissingDependency>
      <MissingDependency>
        <Required type="26" schemaName="My Active Cases" displayName="My Active Cases" parentSchemaName="incident" parentDisplayName="Case" solution="msdynce_Service (9.0.5.56)" id="{00000000-0000-0000-00aa-000010001028}">
          <package>msdynce_ServiceAnchor (9.0.22091.1012)</package>
        </Required>
        <Dependent type="60" displayName="Contact for Multisession experience" parentDisplayName="Contact" id="{e06af4d1-2812-45c7-a9c2-9fb73fee7bec}" />
      </MissingDependency>
      <MissingDependency>
        <Required type="26" schemaName="My Active Cases" displayName="My Active Cases" parentSchemaName="incident" parentDisplayName="Case" solution="msdynce_Service (9.0.5.56)" id="{00000000-0000-0000-00aa-000010001028}">
          <package>msdynce_ServiceAnchor (9.0.22091.1012)</package>
        </Required>
        <Dependent type="60" displayName="Account for Multisession experience" parentDisplayName="Account" id="{ff49442f-8c60-4877-bdae-8fe51e6f4636}" />
      </MissingDependency>
      <MissingDependency>
        <Required type="26" schemaName="Active Cases" displayName="Active Cases" parentSchemaName="incident" parentDisplayName="Case" solution="msdynce_Service (9.0.5.56)" id="{00000000-0000-0000-00aa-000010001032}">
          <package>msdynce_ServiceAnchor (9.0.22091.1012)</package>
        </Required>
        <Dependent type="60" displayName="Account for Multisession experience" parentDisplayName="Account" id="{ff49442f-8c60-4877-bdae-8fe51e6f4636}" />
      </MissingDependency>
      <MissingDependency>
        <Required type="26" schemaName="My Open Opportunities" displayName="My Open Opportunities" parentSchemaName="opportunity" parentDisplayName="Opportunity" solution="msdynce_Sales (9.0.4.0076)" id="{00000000-0000-0000-00aa-000010003000}">
          <package>msdynce_SalesAnchor (9.0.22084.10003)</package>
        </Required>
        <Dependent type="60" displayName="Contact" parentDisplayName="Contact" id="{1fed44d1-ae68-4a41-bd2b-f13acac4acfa}" />
      </MissingDependency>
      <MissingDependency>
        <Required type="26" schemaName="My Open Opportunities" displayName="My Open Opportunities" parentSchemaName="opportunity" parentDisplayName="Opportunity" solution="msdynce_Sales (9.0.4.0076)" id="{00000000-0000-0000-00aa-000010003000}">
          <package>msdynce_SalesAnchor (9.0.22084.10003)</package>
        </Required>
        <Dependent type="60" displayName="Student main form" parentDisplayName="Contact" id="{80ec72a9-b01f-ed11-b83e-000d3a37e045}" />
      </MissingDependency>
      <MissingDependency>
        <Required type="26" schemaName="All Contacts" displayName="All Contacts" parentSchemaName="contact" parentDisplayName="Contact" solution="msdynce_AppCommon (9.0.4.0066)" id="{0d5d377b-5e7c-47b5-bab1-a5cb8b4ac105}">
          <package>msdynce_AppCommonAnchor (9.0.22084.10001)</package>
        </Required>
        <Dependent type="60" displayName="Contacts Dashboard" parentDisplayName="Contact" id="{70ad8b15-e3f3-4d7d-9e4b-16cb4e51b484}" />
      </MissingDependency>
      <MissingDependency>
        <Required type="26" schemaName="Active Services" displayName="Active Services" parentSchemaName="service" parentDisplayName="Service" solution="msdynce_Service (9.0.5.56)" id="{2bd4de5e-a7b4-4f5d-8fde-eb3b62d8e2b2}">
          <package>msdynce_ServiceAnchor (9.0.22091.1012)</package>
        </Required>
        <Dependent type="60" displayName="Information" parentDisplayName="Contact" id="{894cc46a-b0cb-4ab0-8bf6-200544e46a2d}" />
      </MissingDependency>
      <MissingDependency>
        <Required type="26" schemaName="My Connections" displayName="My Connections" parentSchemaName="salesorder" parentDisplayName="Order" solution="msdynce_Sales (9.0.4.0076)" id="{634739a8-d8e5-41bb-b7df-c121bd18e4b4}">
          <package>msdynce_SalesAnchor (9.0.22084.10003)</package>
        </Required>
        <Dependent type="60" displayName="Order Main Form" parentDisplayName="Order" id="{71eb3f51-931d-41ab-a329-1fcd5471a1c1}" />
      </MissingDependency>
      <MissingDependency>
        <Required type="26" schemaName="All Accounts" displayName="All Accounts" parentSchemaName="account" parentDisplayName="Account" solution="msdynce_AppCommon (9.0.4.0066)" id="{65ffaf9a-e8c5-432d-860b-32f841b00d87}">
          <package>msdynce_AppCommonAnchor (9.0.22084.10001)</package>
        </Required>
        <Dependent type="60" displayName="Accounts Dashboard" parentDisplayName="Account" id="{15915835-b87c-49ec-9ffc-bfac3ac44ef1}" />
      </MissingDependency>
      <MissingDependency>
        <Required type="26" schemaName="Recent Opportunities" displayName="Recent Opportunities" parentSchemaName="opportunity" parentDisplayName="Opportunity" solution="msdynce_Sales (9.0.4.0076)" id="{9c3f7ee8-eca7-e211-9fb6-00155dd0ea05}">
          <package>msdynce_SalesAnchor (9.0.22084.10003)</package>
        </Required>
        <Dependent type="60" displayName="Contact" parentDisplayName="Contact" id="{1fed44d1-ae68-4a41-bd2b-f13acac4acfa}" />
      </MissingDependency>
      <MissingDependency>
        <Required type="26" schemaName="Recent Opportunities" displayName="Recent Opportunities" parentSchemaName="opportunity" parentDisplayName="Opportunity" solution="msdynce_Sales (9.0.4.0076)" id="{9c3f7ee8-eca7-e211-9fb6-00155dd0ea05}">
          <package>msdynce_SalesAnchor (9.0.22084.10003)</package>
        </Required>
        <Dependent type="60" displayName="Student main form" parentDisplayName="Contact" id="{80ec72a9-b01f-ed11-b83e-000d3a37e045}" />
      </MissingDependency>
      <MissingDependency>
        <Required type="26" schemaName="All Entitlements" displayName="All Entitlements" parentSchemaName="entitlement" parentDisplayName="Entitlement" solution="msdynce_Service (9.0.5.56)" id="{aa69e7e2-913a-4a5a-8609-8ca443554909}">
          <package>msdynce_ServiceAnchor (9.0.22091.1012)</package>
        </Required>
        <Dependent type="60" displayName="Contact" parentDisplayName="Contact" id="{1fed44d1-ae68-4a41-bd2b-f13acac4acfa}" />
      </MissingDependency>
      <MissingDependency>
        <Required type="26" schemaName="All Entitlements" displayName="All Entitlements" parentSchemaName="entitlement" parentDisplayName="Entitlement" solution="msdynce_Service (9.0.5.56)" id="{aa69e7e2-913a-4a5a-8609-8ca443554909}">
          <package>msdynce_ServiceAnchor (9.0.22091.1012)</package>
        </Required>
        <Dependent type="60" displayName="Student main form" parentDisplayName="Contact" id="{80ec72a9-b01f-ed11-b83e-000d3a37e045}" />
      </MissingDependency>
      <MissingDependency>
        <Required type="26" schemaName="My Orders" displayName="My Orders" parentSchemaName="salesorder" parentDisplayName="Order" solution="msdynce_Sales (9.0.4.0076)" id="{bc29f750-12a0-4eb5-ac08-698ef528f921}">
          <package>msdynce_SalesAnchor (9.0.22084.10003)</package>
        </Required>
        <Dependent type="60" displayName="Order Main Form" parentDisplayName="Order" id="{71eb3f51-931d-41ab-a329-1fcd5471a1c1}" />
      </MissingDependency>
      <MissingDependency>
        <Required type="26" schemaName="Active Orders" displayName="Active Orders" parentSchemaName="salesorder" parentDisplayName="Order" solution="msdynce_Sales (9.0.4.0076)" id="{e6f001df-303c-447b-b184-0f65cd00c3f9}">
          <package>msdynce_SalesAnchor (9.0.22084.10003)</package>
        </Required>
        <Dependent type="60" displayName="Order Main Form" parentDisplayName="Order" id="{71eb3f51-931d-41ab-a329-1fcd5471a1c1}" />
      </MissingDependency>
      <MissingDependency>
        <Required type="26" schemaName="Recent Cases" displayName="Recent Cases" parentSchemaName="incident" parentDisplayName="Case" solution="msdynce_Service (9.0.5.56)" id="{ebd1d24a-eea7-e211-9fb6-00155dd0ea05}">
          <package>msdynce_ServiceAnchor (9.0.22091.1012)</package>
        </Required>
        <Dependent type="60" displayName="Contact" parentDisplayName="Contact" id="{1fed44d1-ae68-4a41-bd2b-f13acac4acfa}" />
      </MissingDependency>
      <MissingDependency>
        <Required type="26" schemaName="Recent Cases" displayName="Recent Cases" parentSchemaName="incident" parentDisplayName="Case" solution="msdynce_Service (9.0.5.56)" id="{ebd1d24a-eea7-e211-9fb6-00155dd0ea05}">
          <package>msdynce_ServiceAnchor (9.0.22091.1012)</package>
        </Required>
        <Dependent type="60" displayName="Student main form" parentDisplayName="Contact" id="{80ec72a9-b01f-ed11-b83e-000d3a37e045}" />
      </MissingDependency>
      <MissingDependency>
        <Required type="59" schemaName="Active Cases by Agent" displayName="Active Cases by Agent" parentSchemaName="incident" parentDisplayName="Case" solution="msdynce_Service (9.0.5.56)" id="{4143b74e-4a07-4d01-9ffe-2cdcaa4208fd}">
          <package>msdynce_ServiceAnchor (9.0.22091.1012)</package>
        </Required>
        <Dependent type="60" displayName="Contact for Multisession experience" parentDisplayName="Contact" id="{e06af4d1-2812-45c7-a9c2-9fb73fee7bec}" />
      </MissingDependency>
      <MissingDependency>
        <Required type="59" schemaName="Active Cases by Agent" displayName="Active Cases by Agent" parentSchemaName="incident" parentDisplayName="Case" solution="msdynce_Service (9.0.5.56)" id="{4143b74e-4a07-4d01-9ffe-2cdcaa4208fd}">
          <package>msdynce_ServiceAnchor (9.0.22091.1012)</package>
        </Required>
        <Dependent type="60" displayName="Account for Multisession experience" parentDisplayName="Account" id="{ff49442f-8c60-4877-bdae-8fe51e6f4636}" />
      </MissingDependency>
      <MissingDependency>
        <Required type="59" schemaName="Actual Revenues By Fiscal Period" displayName="Actual Revenues By Fiscal Period" parentSchemaName="salesorder" parentDisplayName="Order" solution="msdynce_Sales (9.0.4.0076)" id="{888f9f6f-385f-df11-ae90-00155d2e3002}">
          <package>msdynce_SalesAnchor (9.0.22084.10003)</package>
        </Required>
        <Dependent type="60" displayName="Order Main Form" parentDisplayName="Order" id="{71eb3f51-931d-41ab-a329-1fcd5471a1c1}" />
      </MissingDependency>
      <MissingDependency>
        <Required type="59" schemaName="Top Customers" displayName="Top Customers" parentSchemaName="opportunity" parentDisplayName="Opportunity" solution="msdynce_Sales (9.0.4.0076)" id="{8bc5fb18-48f2-4782-9e16-3d452fa4ddce}">
          <package>msdynce_SalesAnchor (9.0.22084.10003)</package>
        </Required>
        <Dependent type="60" displayName="Contact" parentDisplayName="Contact" id="{1fed44d1-ae68-4a41-bd2b-f13acac4acfa}" />
      </MissingDependency>
      <MissingDependency>
        <Required type="59" schemaName="Top Customers" displayName="Top Customers" parentSchemaName="opportunity" parentDisplayName="Opportunity" solution="msdynce_Sales (9.0.4.0076)" id="{8bc5fb18-48f2-4782-9e16-3d452fa4ddce}">
          <package>msdynce_SalesAnchor (9.0.22084.10003)</package>
        </Required>
        <Dependent type="60" displayName="Student main form" parentDisplayName="Contact" id="{80ec72a9-b01f-ed11-b83e-000d3a37e045}" />
      </MissingDependency>
      <MissingDependency>
        <Required type="59" schemaName="Case Mix (By Business Unit)" displayName="Case Mix (By Business Unit)" parentSchemaName="incident" parentDisplayName="Case" solution="msdynce_Service (9.0.5.56)" id="{f10375a6-4893-de11-97d4-00155da3b01e}">
          <package>msdynce_ServiceAnchor (9.0.22091.1012)</package>
        </Required>
        <Dependent type="60" displayName="Contact" parentDisplayName="Contact" id="{1fed44d1-ae68-4a41-bd2b-f13acac4acfa}" />
      </MissingDependency>
      <MissingDependency>
        <Required type="59" schemaName="Case Mix (By Business Unit)" displayName="Case Mix (By Business Unit)" parentSchemaName="incident" parentDisplayName="Case" solution="msdynce_Service (9.0.5.56)" id="{f10375a6-4893-de11-97d4-00155da3b01e}">
          <package>msdynce_ServiceAnchor (9.0.22091.1012)</package>
        </Required>
        <Dependent type="60" displayName="Student main form" parentDisplayName="Contact" id="{80ec72a9-b01f-ed11-b83e-000d3a37e045}" />
      </MissingDependency>
      <MissingDependency>
        <Required type="59" schemaName="Entitlements Expiration" displayName="Entitlements Expiration" parentSchemaName="entitlement" parentDisplayName="Entitlement" solution="msdynce_Service (9.0.5.56)" id="{fdb919bb-c6fc-4fc8-8fa5-67ace68e41d1}">
          <package>msdynce_ServiceAnchor (9.0.22091.1012)</package>
        </Required>
        <Dependent type="60" displayName="Contact" parentDisplayName="Contact" id="{1fed44d1-ae68-4a41-bd2b-f13acac4acfa}" />
      </MissingDependency>
      <MissingDependency>
        <Required type="59" schemaName="Entitlements Expiration" displayName="Entitlements Expiration" parentSchemaName="entitlement" parentDisplayName="Entitlement" solution="msdynce_Service (9.0.5.56)" id="{fdb919bb-c6fc-4fc8-8fa5-67ace68e41d1}">
          <package>msdynce_ServiceAnchor (9.0.22091.1012)</package>
        </Required>
        <Dependent type="60" displayName="Student main form" parentDisplayName="Contact" id="{80ec72a9-b01f-ed11-b83e-000d3a37e045}" />
      </MissingDependency>
      <MissingDependency>
        <Required type="60" displayName="Accounts Dashboard" parentDisplayName="Account" solution="msdynce_Service (9.0.5.56)" id="{15915835-b87c-49ec-9ffc-bfac3ac44ef1}">
          <package>msdynce_ServiceAnchor (9.0.22091.1012)</package>
        </Required>
        <Dependent type="60" displayName="Accounts Dashboard" parentDisplayName="Account" id="{15915835-b87c-49ec-9ffc-bfac3ac44ef1}" />
      </MissingDependency>
      <MissingDependency>
        <Required type="60" displayName="Contact" parentDisplayName="Contact" solution="msdynce_AppCommon (9.0.4.0066)" id="{1fed44d1-ae68-4a41-bd2b-f13acac4acfa}">
          <package>msdynce_AppCommonAnchor (9.0.22084.10001)</package>
        </Required>
        <Dependent type="60" displayName="Contact" parentDisplayName="Contact" id="{1fed44d1-ae68-4a41-bd2b-f13acac4acfa}" />
      </MissingDependency>
      <MissingDependency>
        <Required type="60" displayName="account contact card" parentDisplayName="Contact" solution="msdynce_AppCommon (9.0.4.0066)" id="{29de27bc-a257-4f29-99cf-bab4a84e688f}">
          <package>msdynce_AppCommonAnchor (9.0.22084.10001)</package>
        </Required>
        <Dependent type="60" displayName="Contact" parentDisplayName="Contact" id="{1fed44d1-ae68-4a41-bd2b-f13acac4acfa}" />
      </MissingDependency>
      <MissingDependency>
        <Required type="60" displayName="account contact card" parentDisplayName="Contact" solution="msdynce_AppCommon (9.0.4.0066)" id="{29de27bc-a257-4f29-99cf-bab4a84e688f}">
          <package>msdynce_AppCommonAnchor (9.0.22084.10001)</package>
        </Required>
        <Dependent type="60" displayName="Student main form" parentDisplayName="Contact" id="{80ec72a9-b01f-ed11-b83e-000d3a37e045}" />
      </MissingDependency>
      <MissingDependency>
        <Required type="60" displayName="account contact card" parentDisplayName="Contact" solution="msdynce_AppCommon (9.0.4.0066)" id="{29de27bc-a257-4f29-99cf-bab4a84e688f}">
          <package>msdynce_AppCommonAnchor (9.0.22084.10001)</package>
        </Required>
        <Dependent type="60" displayName="Account for Multisession experience" parentDisplayName="Account" id="{ff49442f-8c60-4877-bdae-8fe51e6f4636}" />
      </MissingDependency>
      <MissingDependency>
        <Required type="60" displayName="contact card" parentDisplayName="Contact" solution="msdynce_AppCommon (9.0.4.0066)" id="{707fc57b-c5e6-471b-a180-e37ed28a38e2}">
          <package>msdynce_AppCommonAnchor (9.0.22084.10001)</package>
        </Required>
        <Dependent type="60" displayName="Contact for Multisession experience" parentDisplayName="Contact" id="{e06af4d1-2812-45c7-a9c2-9fb73fee7bec}" />
      </MissingDependency>
      <MissingDependency>
        <Required type="60" displayName="Contacts Dashboard" parentDisplayName="Contact" solution="msdynce_Service (9.0.5.56)" id="{70ad8b15-e3f3-4d7d-9e4b-16cb4e51b484}">
          <package>msdynce_ServiceAnchor (9.0.22091.1012)</package>
        </Required>
        <Dependent type="60" displayName="Contacts Dashboard" parentDisplayName="Contact" id="{70ad8b15-e3f3-4d7d-9e4b-16cb4e51b484}" />
      </MissingDependency>
      <MissingDependency>
        <Required type="60" displayName="Information" parentDisplayName="Contact" solution="msdynce_AppCommon (9.0.4.0066)" id="{894cc46a-b0cb-4ab0-8bf6-200544e46a2d}">
          <package>msdynce_AppCommonAnchor (9.0.22084.10001)</package>
        </Required>
        <Dependent type="60" displayName="Information" parentDisplayName="Contact" id="{894cc46a-b0cb-4ab0-8bf6-200544e46a2d}" />
      </MissingDependency>
      <MissingDependency>
        <Required type="60" displayName="Information" parentDisplayName="Account" solution="msdynce_AppCommon (9.0.4.0066)" id="{b053a39a-041a-4356-acef-ddf00182762b}">
          <package>msdynce_AppCommonAnchor (9.0.22084.10001)</package>
        </Required>
        <Dependent type="60" displayName="Information" parentDisplayName="Account" id="{b053a39a-041a-4356-acef-ddf00182762b}" />
      </MissingDependency>
      <MissingDependency>
        <Required type="60" displayName="Contact for Multisession experience" parentDisplayName="Contact" solution="msdynce_ServicePatch201911 (9.0.22091.1012)" id="{e06af4d1-2812-45c7-a9c2-9fb73fee7bec}">
          <package>msdynce_ServiceAnchor (9.0.22091.1012)</package>
        </Required>
        <Dependent type="60" displayName="Contact for Multisession experience" parentDisplayName="Contact" id="{e06af4d1-2812-45c7-a9c2-9fb73fee7bec}" />
      </MissingDependency>
      <MissingDependency>
        <Required type="60" displayName="Account for Multisession experience" parentDisplayName="Account" solution="msdynce_ServicePatch201911 (9.0.22091.1012)" id="{ff49442f-8c60-4877-bdae-8fe51e6f4636}">
          <package>msdynce_ServiceAnchor (9.0.22091.1012)</package>
        </Required>
        <Dependent type="60" displayName="Account for Multisession experience" parentDisplayName="Account" id="{ff49442f-8c60-4877-bdae-8fe51e6f4636}" />
      </MissingDependency>
      <MissingDependency>
        <Required type="61" schemaName="AppCommon/Account/Account_main_system_library.js" displayName="AppCommon/Account/Account_main_system_library.js" solution="msdynce_AppCommon (9.0.4.0066)">
          <package>msdynce_AppCommonAnchor (9.0.22084.10001)</package>
        </Required>
        <Dependent type="60" displayName="Information" parentDisplayName="Account" id="{b053a39a-041a-4356-acef-ddf00182762b}" />
      </MissingDependency>
      <MissingDependency>
        <Required type="61" schemaName="AppCommon/Contact/Contact_main_system_library.js" displayName="AppCommon/Contact/Contact_main_system_library.js" solution="msdynce_AppCommon (9.0.4.0066)">
          <package>msdynce_AppCommonAnchor (9.0.22084.10001)</package>
        </Required>
        <Dependent type="60" displayName="Contact" parentDisplayName="Contact" id="{1fed44d1-ae68-4a41-bd2b-f13acac4acfa}" />
      </MissingDependency>
      <MissingDependency>
        <Required type="61" schemaName="AppCommon/Contact/Contact_main_system_library.js" displayName="AppCommon/Contact/Contact_main_system_library.js" solution="msdynce_AppCommon (9.0.4.0066)">
          <package>msdynce_AppCommonAnchor (9.0.22084.10001)</package>
        </Required>
        <Dependent type="60" displayName="Student main form" parentDisplayName="Contact" id="{80ec72a9-b01f-ed11-b83e-000d3a37e045}" />
      </MissingDependency>
      <MissingDependency>
        <Required type="61" schemaName="AppCommon/Contact/Contact_main_system_library.js" displayName="AppCommon/Contact/Contact_main_system_library.js" solution="msdynce_AppCommon (9.0.4.0066)">
          <package>msdynce_AppCommonAnchor (9.0.22084.10001)</package>
        </Required>
        <Dependent type="60" displayName="Contact for Multisession experience" parentDisplayName="Contact" id="{e06af4d1-2812-45c7-a9c2-9fb73fee7bec}" />
      </MissingDependency>
      <MissingDependency>
        <Required type="61" schemaName="cr675_msgOnRibBtnClick" displayName="cr675_msgOnRibBtnClick" solution="Active" />
        <Dependent type="50" schemaName="account:RibbonDiffXml" displayName="account:RibbonDiffXml" parentSchemaName="ribboncustomization" parentDisplayName="Application Ribbons" />
      </MissingDependency>
      <MissingDependency>
        <Required type="61" schemaName="msdyn_/Images/AppModule_Default_Icon.png" displayName="msdyn_/Images/AppModule_Default_Icon.png" solution="AppModuleWebResources (2.5)" />
        <Dependent type="80" schemaName="plas_PluginAssignmentApp" displayName="Plugin Assignment App" />
      </MissingDependency>
      <MissingDependency>
        <Required type="61" schemaName="msdyn_talkingpointsloader.js" displayName="msdyn_talkingpointsloader.js" solution="msdynce_Talkingpoints (9.0.1.701894)">
          <package>msdynce_SalesInsightsAnchor (9.0.22084.10004)</package>
        </Required>
        <Dependent type="60" displayName="Contact" parentDisplayName="Contact" id="{1fed44d1-ae68-4a41-bd2b-f13acac4acfa}" />
      </MissingDependency>
      <MissingDependency>
        <Required type="61" schemaName="msdyn_talkingpointsloader.js" displayName="msdyn_talkingpointsloader.js" solution="msdynce_Talkingpoints (9.0.1.701894)">
          <package>msdynce_SalesInsightsAnchor (9.0.22084.10004)</package>
        </Required>
        <Dependent type="60" displayName="Student main form" parentDisplayName="Contact" id="{80ec72a9-b01f-ed11-b83e-000d3a37e045}" />
      </MissingDependency>
      <MissingDependency>
        <Required type="61" schemaName="pg_hideOnRbnBtnClick" displayName="pg_hideOnRbnBtnClick" solution="Active" />
        <Dependent type="50" schemaName="account:RibbonDiffXml" displayName="account:RibbonDiffXml" parentSchemaName="ribboncustomization" parentDisplayName="Application Ribbons" />
      </MissingDependency>
      <MissingDependency>
        <Required type="61" schemaName="Sales/ClientCommon/Sales_ClientCommon.js" displayName="Sales/ClientCommon/Sales_ClientCommon.js" solution="msdynce_Sales (9.0.4.0076)">
          <package>msdynce_SalesAnchor (9.0.22084.10003)</package>
        </Required>
        <Dependent type="60" displayName="Contact" parentDisplayName="Contact" id="{1fed44d1-ae68-4a41-bd2b-f13acac4acfa}" />
      </MissingDependency>
      <MissingDependency>
        <Required type="61" schemaName="Sales/Contact/Contact_main_system_library.js" displayName="Sales/Contact/Contact_main_system_library.js" solution="msdynce_SalesPatch201904 (9.0.1912.1007)">
          <package>msdynce_SalesAnchor (9.0.22084.10003)</package>
        </Required>
        <Dependent type="60" displayName="Contact" parentDisplayName="Contact" id="{1fed44d1-ae68-4a41-bd2b-f13acac4acfa}" />
      </MissingDependency>
      <MissingDependency>
        <Required type="66" schemaName="Intelligence.BusinessCardReaderControl.BusinessCardReader" displayName="Intelligence.BusinessCardReaderControl.BusinessCardReader" solution="BaseCustomControlsCore (9.0.2209.1016)" />
        <Dependent type="60" displayName="Contact" parentDisplayName="Contact" id="{1fed44d1-ae68-4a41-bd2b-f13acac4acfa}" />
      </MissingDependency>
      <MissingDependency>
        <Required type="66" schemaName="Intelligence.BusinessCardReaderControl.BusinessCardReader" displayName="Intelligence.BusinessCardReaderControl.BusinessCardReader" solution="BaseCustomControlsCore (9.0.2209.1016)" />
        <Dependent type="60" displayName="Student main form" parentDisplayName="Contact" id="{80ec72a9-b01f-ed11-b83e-000d3a37e045}" />
      </MissingDependency>
      <MissingDependency>
        <Required type="66" schemaName="MscrmControls.CardFeedContainer.CardFeedContainer" displayName="MscrmControls.CardFeedContainer.CardFeedContainer" solution="BaseCustomControlsCore (9.0.2209.1016)" />
        <Dependent type="60" displayName="Contact" parentDisplayName="Contact" id="{1fed44d1-ae68-4a41-bd2b-f13acac4acfa}" />
      </MissingDependency>
      <MissingDependency>
        <Required type="66" schemaName="MscrmControls.CardFeedContainer.CardFeedContainer" displayName="MscrmControls.CardFeedContainer.CardFeedContainer" solution="BaseCustomControlsCore (9.0.2209.1016)" />
        <Dependent type="60" displayName="Student main form" parentDisplayName="Contact" id="{80ec72a9-b01f-ed11-b83e-000d3a37e045}" />
      </MissingDependency>
      <MissingDependency>
        <Required type="66" schemaName="MscrmControls.TalkingPointsControl.TalkingPoints" displayName="MscrmControls.TalkingPointsControl.TalkingPoints" solution="msdynce_Talkingpoints (9.0.1.701894)">
          <package>msdynce_SalesInsightsAnchor (9.0.22084.10004)</package>
        </Required>
        <Dependent type="60" displayName="Contact" parentDisplayName="Contact" id="{1fed44d1-ae68-4a41-bd2b-f13acac4acfa}" />
      </MissingDependency>
      <MissingDependency>
        <Required type="66" schemaName="MscrmControls.TalkingPointsControl.TalkingPoints" displayName="MscrmControls.TalkingPointsControl.TalkingPoints" solution="msdynce_Talkingpoints (9.0.1.701894)">
          <package>msdynce_SalesInsightsAnchor (9.0.22084.10004)</package>
        </Required>
        <Dependent type="60" displayName="Student main form" parentDisplayName="Contact" id="{80ec72a9-b01f-ed11-b83e-000d3a37e045}" />
      </MissingDependency>
      <MissingDependency>
        <Required type="9" schemaName="agmu_typeofdegree" displayName="Type of Degree" solution="Active" />
        <Dependent type="2" schemaName="agmu_degreetype" displayName="Degree Type" parentSchemaName="contact" parentDisplayName="Contact" />
      </MissingDependency>
      <MissingDependency>
        <Required type="90" schemaName="CodeActivityAssignment.CreateEntities, CodeActivityAssignment, Version=1.0.0.0, Culture=neutral, PublicKeyToken=019679c93e2d83b5" displayName="CodeActivityAssignment.CreateEntities" solution="Active" id="{1091916d-af0b-497b-bb13-7f1dc9ac28b5}" />
        <Dependent type="29" displayName="PA.CreateOrderProductEntity" id="{5a313819-7bb4-40d2-8da5-fee55a9c5286}" />
      </MissingDependency>
      <MissingDependency>
        <Required type="90" schemaName="CodeActivityAssignment.CreateEntities, CodeActivityAssignment, Version=1.0.0.0, Culture=neutral, PublicKeyToken=019679c93e2d83b5" displayName="CodeActivityAssignment.CreateEntities" solution="Active" id="{1091916d-af0b-497b-bb13-7f1dc9ac28b5}" />
        <Dependent type="29" displayName="PA.CreateOrderEntity" id="{617d8b6c-e82b-49be-96c9-5a7ccc86f1e3}" />
      </MissingDependency>
    </MissingDependencies>
  </SolutionManifest>
</ImportExportXml>