{"name":"54adb9f1-f437-4529-a4b0-05fab515abae","id":"/providers/Microsoft.Flow/flows/54adb9f1-f437-4529-a4b0-05fab515abae","type":"Microsoft.Flow/flows","properties":{"apiId":"/providers/Microsoft.PowerApps/apis/shared_logicflows","displayName":"Postman Request","definition":{"metadata":{"workflowEntityId":null,"processAdvisorMetadata":null,"flowclientsuspensionreason":"None","flowclientsuspensiontime":null,"flowclientsuspensionreasondetails":null,"creator":{"id":"69f6bffa-1b70-4014-8065-322a9dd10c2d","type":"User","tenantId":"cb8d0f5e-295e-44f1-8cab-184ae827c864"},"provisioningMethod":"FromDefinition","failureAlertSubscription":true,"clientLastModifiedTime":"2022-09-30T13:44:08.1163599Z"},"$schema":"https://schema.management.azure.com/providers/Microsoft.Logic/schemas/2016-06-01/workflowdefinition.json#","contentVersion":"1.0.0.0","parameters":{"$authentication":{"defaultValue":{},"type":"SecureObject"}},"triggers":{"manual":{"metadata":{"operationMetadataId":"7d9be04e-4af1-4a18-9472-459d33bd4e25"},"type":"Request","kind":"Http","inputs":{"method":"POST"}}},"actions":{"Create_HTML_table":{"runAfter":{},"metadata":{"operationMetadataId":"0f04799e-8a61-4d64-a668-a26d839becdd"},"type":"Table","inputs":{"from":"@triggerBody()","format":"HTML"}}}},"connectionReferences":{},"flowFailureAlertSubscribed":false,"isManaged":false}}