{"name":"304a06fd-ba5f-4ede-9358-1c03a599f7c6","id":"/providers/Microsoft.Flow/flows/304a06fd-ba5f-4ede-9358-1c03a599f7c6","type":"Microsoft.Flow/flows","properties":{"apiId":"/providers/Microsoft.PowerApps/apis/shared_logicflows","displayName":"LMS Auto Flow","definition":{"metadata":{"workflowEntityId":null,"processAdvisorMetadata":null,"flowclientsuspensionreason":"None","flowclientsuspensiontime":null,"flowclientsuspensionreasondetails":null,"creator":{"id":"69f6bffa-1b70-4014-8065-322a9dd10c2d","type":"User","tenantId":"cb8d0f5e-295e-44f1-8cab-184ae827c864"},"provisioningMethod":"FromDefinition","failureAlertSubscription":true,"clientLastModifiedTime":"2022-10-03T09:53:28.2691211Z"},"$schema":"https://schema.management.azure.com/providers/Microsoft.Logic/schemas/2016-06-01/workflowdefinition.json#","contentVersion":"1.0.0.0","parameters":{"$connections":{"defaultValue":{},"type":"Object"},"$authentication":{"defaultValue":{},"type":"SecureObject"}},"triggers":{"When_a_row_is_added,_modified_or_deleted":{"metadata":{"operationMetadataId":"cb3027ce-4fb2-4c9c-b2a0-0fe9854ccca1"},"type":"OpenApiConnectionWebhook","inputs":{"host":{"apiId":"/providers/Microsoft.PowerApps/apis/shared_commondataserviceforapps","connectionName":"shared_commondataserviceforapps","operationId":"SubscribeWebhookTrigger"},"parameters":{"subscriptionRequest/message":1,"subscriptionRequest/entityname":"agmuq_books","subscriptionRequest/scope":1},"authentication":"@parameters('$authentication')"}}},"actions":{"Add_a_new_row":{"runAfter":{},"metadata":{"operationMetadataId":"611eda04-d9b3-4461-a70f-827ef4de2aa4"},"type":"OpenApiConnection","inputs":{"host":{"apiId":"/providers/Microsoft.PowerApps/apis/shared_commondataserviceforapps","connectionName":"shared_commondataserviceforapps","operationId":"CreateRecord"},"parameters":{"entityName":"agmu_bookissueds","item/agmu_booktitle":"@triggerOutputs()?['body/agmuq_booktitle']","item/agmu_checkindate":"@triggerOutputs()?['body/agmuq_plannedcheckindate']","item/agmu_checkoutdate":"@triggerOutputs()?['body/agmuq_checkoutdate']","item/agmu_IssuedBy@odata.bind":"@triggerOutputs()?['body/_agmuq_checkoutcontact_value']"},"authentication":"@parameters('$authentication')"}},"Compose":{"runAfter":{"Add_a_new_row":["Succeeded"]},"metadata":{"operationMetadataId":"21e0e7ab-3ff9-4aca-b7fa-592e1a82941a"},"type":"Compose","inputs":"@outputs('Add_a_new_row')?['body/agmu_booktitle']"}}},"connectionReferences":{"shared_commondataserviceforapps":{"connectionName":"shared-commondataser-9a2a482b-2397-45b3-bcc2-2f4b8843c480","source":"Embedded","id":"/providers/Microsoft.PowerApps/apis/shared_commondataserviceforapps","tier":"NotSpecified"}},"flowFailureAlertSubscribed":false,"isManaged":false}}