<duplicaterule uniquename="dr23e68dc109f9bbc8b27c4889660e8350f8a349dfb9367903e2251c376417dca7">
  <baseentityname>agmuq_books</baseentityname>
  <baseentitytypecode>10535</baseentitytypecode>
  <description>ISBN can't be duplicated.</description>
  <excludeinactiverecords>1</excludeinactiverecords>
  <iscasesensitive>0</iscasesensitive>
  <iscustomizable>1</iscustomizable>
  <matchingentityname>agmuq_books</matchingentityname>
  <matchingentitytypecode>10535</matchingentitytypecode>
  <name>ISBN DDR</name>
</duplicaterule>