{"schemaVersion":"1.0","appDefinitionTemplate":{"id":"/providers/Microsoft.PowerApps/apps/","type":"Microsoft.PowerApps/apps","tags":{"primaryDeviceWidth":"1366","primaryDeviceHeight":"768","supportsPortrait":"true","supportsLandscape":"true","primaryFormFactor":"Tablet","publisherVersion":"3.22091.11","minimumRequiredApiVersion":"2.2.0","hasComponent":"false","hasUnlockedComponent":"false","isUnifiedRootApp":"false","sienaVersion":"20220929T115003Z-3.22091.11.0"},"properties":{"appVersion":"2022-09-29T11:50:03Z","lifeCycleId":"Published","createdByClientVersion":{"major":3,"minor":22091,"build":11,"revision":0,"majorRevision":0,"minorRevision":0},"minClientVersion":{"major":3,"minor":22091,"build":11,"revision":0,"majorRevision":0,"minorRevision":0},"backgroundColor":"RGBA(0,176,240,1)","backgroundImageUri":"/15865717259427653984/N14fcc827-9e4b-4fe2-a1da-549f7236f367-logoSmallFile","displayName":"Project Tracker App","description":"","commitMessage":"","appUris":{"documentUri":{"value":"/15865717259427653984/Nda0828cc-4789-4ad1-8896-a92b1c4e0ef4-document.msapp"},"imageUris":[],"additionalUris":[]},"createdTime":"0001-01-01T00:00:00Z","lastModifiedTime":"0001-01-01T00:00:00Z","sharedGroupsCount":0,"sharedUsersCount":0,"icons":{"smallIconUri":"/15865717259427653984/N59c292ce-2692-4719-abe8-ed115d09ad80-small.png","mediumIconUri":"/15865717259427653984/N0ced719e-8e07-4b68-ab64-0afe8d22613e-medium.png","largeIconUri":"/15865717259427653984/N2f5eb882-65be-40e3-b169-b4c71c78844c-large.png","wideIconUri":"/15865717259427653984/Na1308a16-81e6-4ee0-bcba-79b4176ccb49-wide.png"},"connectionReferences":{},"databaseReferences":{"default.cds":{"databaseDetails":{"referenceType":"Environmental","environmentName":"default.cds","overrideValues":{"status":"NotSpecified"}},"dataSources":{"Projects":{"entitySetName":"cr675_projects","logicalName":"cr675_project"},"Accounts":{"entitySetName":"accounts","logicalName":"account"},"Project Tasks":{"entitySetName":"cr675_projecttasks","logicalName":"cr675_projecttask"},"Users":{"entitySetName":"systemusers","logicalName":"systemuser"}},"actions":["providers/PowerPlatform.Governance/Operations/Read"]}},"almMode":"Environment","performanceOptimizationEnabled":true,"canConsumeAppPass":true,"enableModernRuntimeMode":false,"executionRestrictions":{"isTeamsOnly":false,"dataLossPreventionEvaluationResult":{"status":"Compliant","lastEvaluationDate":"2022-09-29T08:04:53.6260182Z","violations":[],"violationsByPolicy":[],"violationErrorMessage":"The app uses the following connectors: shared_commondataservice."}}},"appType":"ClassicCanvasApp","appComponents":[]}}