{"name":"b25c0180-4c90-4fc3-86cb-f848ba409d9f","id":"/providers/Microsoft.Flow/flows/b25c0180-4c90-4fc3-86cb-f848ba409d9f","type":"Microsoft.Flow/flows","properties":{"apiId":"/providers/Microsoft.PowerApps/apis/shared_logicflows","displayName":"Fill Timesheet Reminder Flow","definition":{"metadata":{"workflowEntityId":null,"processAdvisorMetadata":null,"flowclientsuspensionreason":"None","flowclientsuspensiontime":null,"flowclientsuspensionreasondetails":null,"creator":{"id":"69f6bffa-1b70-4014-8065-322a9dd10c2d","type":"User","tenantId":"cb8d0f5e-295e-44f1-8cab-184ae827c864"},"provisioningMethod":"FromDefinition","failureAlertSubscription":true,"clientLastModifiedTime":"2022-10-05T16:06:48.1119004Z"},"$schema":"https://schema.management.azure.com/providers/Microsoft.Logic/schemas/2016-06-01/workflowdefinition.json#","contentVersion":"1.0.0.0","parameters":{"$connections":{"defaultValue":{},"type":"Object"},"$authentication":{"defaultValue":{},"type":"SecureObject"}},"triggers":{"Recurrence":{"recurrence":{"frequency":"Day","interval":1,"timeZone":"Pakistan Standard Time","startTime":"2022-10-04T05:00:00.000Z","schedule":{"hours":["16"]}},"metadata":{"operationMetadataId":"a90f43d1-a4f1-437c-99fd-78030e749b43"},"type":"Recurrence"}},"actions":{"Date":{"runAfter":{},"metadata":{"operationMetadataId":"6c3e244d-962b-4935-84c2-20b360a15700"},"type":"InitializeVariable","inputs":{"variables":[{"name":"Date","type":"string","value":"@{utcNow()}"}]},"description":"2022-10-13T00:00:00.0000000Z"},"First_Day_of_Next_Month":{"runAfter":{"Date":["Succeeded"]},"metadata":{"operationMetadataId":"46dd1175-823b-42b6-a264-9062d6b9d2e0"},"type":"InitializeVariable","inputs":{"variables":[{"name":"firstDayNextMonth","type":"string","value":"@{startOfMonth(addToTime(variables('Date'),1,'Month'))}"}]}},"Last_Day_of_Current_Month":{"runAfter":{"First_Day_of_Next_Month":["Succeeded"]},"metadata":{"operationMetadataId":"1ae21eaa-c242-4ad6-822f-cc164b65ed6a"},"type":"InitializeVariable","inputs":{"variables":[{"name":"lastDayCurrentMonth","type":"string","value":"@{addDays(variables('firstDayNextMonth'),-1)}"}]}},"Day_for_last_Date_of_Month":{"runAfter":{"Last_Day_of_Current_Month":["Succeeded"]},"metadata":{"operationMetadataId":"b5ee6b2a-bf4f-47bf-8b98-24357ee4440d"},"type":"InitializeVariable","inputs":{"variables":[{"name":"monthLastDateDay","type":"integer","value":"@dayOfWeek(variables('lastDayCurrentMonth'))"}]}},"15th_Day_of_Month":{"runAfter":{"Two_Days_Before_Last_Day_-_Day":["Succeeded"]},"metadata":{"operationMetadataId":"100de8aa-72f9-4f93-8f87-831dc14f3a0f"},"type":"InitializeVariable","inputs":{"variables":[{"name":"monthDay15","type":"string","value":"@{formatDateTime(addDays(startOfMonth(variables('Date')),14))}"}]}},"Day_for_15th_of_the_Month":{"runAfter":{"15th_Day_of_Month":["Succeeded"]},"metadata":{"operationMetadataId":"4718d433-c504-4618-82b5-ba25136f4792"},"type":"InitializeVariable","inputs":{"variables":[{"name":"dayFor15th","type":"integer","value":"@dayOfWeek(variables('monthDay15'))"}]}},"Check_If_today_is_2_days_before_the_last_day_of_month":{"actions":{"If_last_day_of_month_is_on_sat_or_sun":{"actions":{"If_month_last_day_is_on_Saturday":{"actions":{"Send_an_email_on_Friday_after_day's_delay":{"runAfter":{"Delay_one_day_(Until_Friday)":["Succeeded"]},"metadata":{"operationMetadataId":"4ca88a97-ee7e-440c-a11c-94e885397d5d"},"type":"OpenApiConnection","inputs":{"host":{"apiId":"/providers/Microsoft.PowerApps/apis/shared_office365","connectionName":"shared_office365","operationId":"SendEmailV2"},"parameters":{"emailMessage/To":"Agha.Khan@mazikglobal.com","emailMessage/Subject":"Reminder to Fill Timesheet","emailMessage/Body":"<p>Hey Agha,<br>\n<br>\nToday is the last working day, i.e., @{formatDateTime(addDays(variables('2DayBeforeLastDay'),1), 'dd/MM/yyyy')}, Friday, before @{formatDateTime(variables('lastDayCurrentMonth'), 'dd/MM/yyyy')}, &nbsp;so you need to fill out your timesheet today.<br>\n<br>\nEmail from Power Automate.<br>\n</p>","emailMessage/Importance":"Normal"},"authentication":"@parameters('$authentication')"}},"Delay_one_day_(Until_Friday)":{"runAfter":{},"metadata":{"operationMetadataId":"2dfe8478-167a-4537-8de4-72decdd0a15b"},"type":"Wait","inputs":{"interval":{"count":1,"unit":"Day"}}}},"runAfter":{},"else":{"actions":{"If_month_last_day_is_Sunday_send_Email_Now":{"runAfter":{},"metadata":{"operationMetadataId":"4ca88a97-ee7e-440c-a11c-94e885397d5d"},"type":"OpenApiConnection","inputs":{"host":{"apiId":"/providers/Microsoft.PowerApps/apis/shared_office365","connectionName":"shared_office365","operationId":"SendEmailV2"},"parameters":{"emailMessage/To":"Agha.Khan@mazikglobal.com","emailMessage/Subject":"Reminder to Fill Timesheet","emailMessage/Body":"<p><br>\nHey Agha,,<br>\n<br>\nToday is the last working day, i.e. @{formatDateTime(variables('2DayBeforeLastDay'), 'dd/MM/yyyy')}, Friday, before @{formatDateTime(variables('lastDayCurrentMonth'), 'dd/MM/yyyy')}, &nbsp;so you need to fill out your timesheet today.<br>\n<br>\nEmail from Power Automate.<br>\n</p>","emailMessage/Importance":"Normal"},"authentication":"@parameters('$authentication')"}}}},"expression":{"equals":["@variables('monthLastDateDay')",6]},"metadata":{"operationMetadataId":"4fc21e3e-a0d2-436a-adee-5259c675877e"},"type":"If"}},"runAfter":{},"else":{"actions":{"Delay_until_Last_Day_of_Month":{"runAfter":{},"metadata":{"operationMetadataId":"9258dd83-ae77-482b-9838-cc8936f16602"},"type":"Wait","inputs":{"until":{"timestamp":"@variables('lastDayCurrentMonth')"}}},"Send_an_email_on_Last_Day_of_Month":{"runAfter":{"Delay_until_Last_Day_of_Month":["Succeeded"]},"metadata":{"operationMetadataId":"4ca88a97-ee7e-440c-a11c-94e885397d5d"},"type":"OpenApiConnection","inputs":{"host":{"apiId":"/providers/Microsoft.PowerApps/apis/shared_office365","connectionName":"shared_office365","operationId":"SendEmailV2"},"parameters":{"emailMessage/To":"Agha.Khan@mazikglobal.com","emailMessage/Subject":"Reminder to Fill Timesheet","emailMessage/Body":"<p><br>\nHey Agha,<br>\n<br>\nToday is @{formatDateTime(variables('Date'),'dd/MM/yyyy')} so you need to fill out your timesheet today.<br>\n<br>\nEmail from Power Automate.<br>\n</p>","emailMessage/Importance":"Normal"},"authentication":"@parameters('$authentication')"}}}},"expression":{"or":[{"equals":["@variables('monthLastDateDay')",0]},{"equals":["@variables('monthLastDateDay')",6]}]},"metadata":{"operationMetadataId":"50db5797-6214-49fd-9c3c-ec21c029a105"},"type":"If"}},"runAfter":{"Two_Days_Before_15_-_Day_13":["Succeeded"]},"expression":{"equals":["@formatDateTime(variables('Date'), 'dd-MM-yyyy')","@formatDateTime(variables('2DayBeforeLastDay'),'dd-MM-yyyy')"]},"metadata":{"operationMetadataId":"d771b098-652f-4d63-8a5a-7a7fc788a81c"},"type":"If"},"Check_If_today_is_the_13th_day_of_month_(2_day_before_15)":{"actions":{"If_15th_day_of_month_is_Sat_or_Sun":{"actions":{"Condition":{"actions":{"Delay_1_Day_(Until_Friday)":{"runAfter":{},"metadata":{"operationMetadataId":"f8499fde-7d8d-4316-b53f-18fcbe7ea16a"},"type":"Wait","inputs":{"interval":{"count":1,"unit":"Day"}}},"Send_an_email_after_1_day_on_Friday":{"runAfter":{"Delay_1_Day_(Until_Friday)":["Succeeded"]},"metadata":{"operationMetadataId":"4ca88a97-ee7e-440c-a11c-94e885397d5d"},"type":"OpenApiConnection","inputs":{"host":{"apiId":"/providers/Microsoft.PowerApps/apis/shared_office365","connectionName":"shared_office365","operationId":"SendEmailV2"},"parameters":{"emailMessage/To":"Agha.Khan@mazikglobal.com","emailMessage/Subject":"Reminder to Fill Timesheet","emailMessage/Body":"<p><br>\nHey Agha,<br>\n<br>\nToday is the last working day, i.e. @{formatDateTime(addDays(variables('2DayBefore15'),1), 'dd/MM/yyyy')}, Friday,&nbsp;before @{formatDateTime(variables('monthDay15'), 'dd/MM/yyyy')}, &nbsp;so you need to fill out your timesheet today.<br>\n<br>\nEmail from Power Automate.<br>\n</p>","emailMessage/Importance":"Normal"},"authentication":"@parameters('$authentication')"}}},"runAfter":{},"else":{"actions":{"If_15th_Day_is_on_Sunday,_send_an_email_now":{"runAfter":{},"metadata":{"operationMetadataId":"4ca88a97-ee7e-440c-a11c-94e885397d5d"},"type":"OpenApiConnection","inputs":{"host":{"apiId":"/providers/Microsoft.PowerApps/apis/shared_office365","connectionName":"shared_office365","operationId":"SendEmailV2"},"parameters":{"emailMessage/To":"Agha.Khan@mazikglobal.com","emailMessage/Subject":"Reminder to Fill Timesheet","emailMessage/Body":"<p><br>\nHey Agha,<br>\n<br>\nToday is the last working day, i.e. @{formatDateTime(variables('2DayBeforeLastDay'), 'dd/MM/yyyy')},  before @{formatDateTime(variables('lastDayCurrentMonth'), 'dd/MM/yyyy')}, &nbsp;so you need to fill out your timesheet today.<br>\n<br>\nEmail from Power Automate.<br>\n</p>","emailMessage/Importance":"Normal"},"authentication":"@parameters('$authentication')"}}}},"expression":{"equals":["@variables('dayFor15th')",6]},"metadata":{"operationMetadataId":"cd0dc2b1-26ae-4918-be7a-47172ea2e4be"},"type":"If"}},"runAfter":{},"else":{"actions":{"Delay_until_15th_Day_of_Month":{"runAfter":{},"metadata":{"operationMetadataId":"b2295da5-917b-4b6c-bafd-2b5e62481ddd"},"type":"Wait","inputs":{"until":{"timestamp":"@variables('monthDay15')"}}},"Send_an_on_15th_Day":{"runAfter":{"Delay_until_15th_Day_of_Month":["Succeeded"]},"metadata":{"operationMetadataId":"4ca88a97-ee7e-440c-a11c-94e885397d5d"},"type":"OpenApiConnection","inputs":{"host":{"apiId":"/providers/Microsoft.PowerApps/apis/shared_office365","connectionName":"shared_office365","operationId":"SendEmailV2"},"parameters":{"emailMessage/To":"Agha.Khan@mazikglobal.com","emailMessage/Subject":"Reminder to Fill Timesheet","emailMessage/Body":"<p>Hey Agha,<br>\n<br>\nToday is @{formatDateTime(variables('Date'),'dd/MM/yyyy')} so you need to fill out your timesheet today.<br>\n<br>\nEmail from Power Automate.<br>\n</p>","emailMessage/Importance":"Normal"},"authentication":"@parameters('$authentication')"}}}},"expression":{"or":[{"equals":["@variables('dayFor15th')",0]},{"equals":["@variables('dayFor15th')",6]}]},"metadata":{"operationMetadataId":"2571fe0b-d6f0-4141-a900-7e8f7dde93b0"},"type":"If"}},"runAfter":{"Two_Days_Before_15_-_Day_13":["Succeeded"]},"expression":{"equals":["@formatDateTime(variables('Date'), 'dd-MM-yyyy')","@formatDateTime(variables('2DayBefore15'), 'dd-MM-yyyy')"]},"metadata":{"operationMetadataId":"79d1af7e-e8d5-4fa3-aa4a-858bdbd9dc8b"},"type":"If"},"Two_days_before_15_-_Date_13":{"runAfter":{"Day_for_15th_of_the_Month":["Succeeded"]},"metadata":{"operationMetadataId":"d1726384-6e51-4e69-ba7f-adabc5c52d89"},"type":"InitializeVariable","inputs":{"variables":[{"name":"2DayBefore15","type":"string","value":"@{formatDateTime(addDays(startOfMonth(variables('Date')),12))}"}]}},"Two_Days_Before_15_-_Day_13":{"runAfter":{"Two_days_before_15_-_Date_13":["Succeeded"]},"metadata":{"operationMetadataId":"cb51b6ee-2789-491e-94db-a9c8fc56e8c7"},"type":"InitializeVariable","inputs":{"variables":[{"name":"Day13","type":"integer","value":"@dayOfWeek(variables('2DayBefore15'))"}]}},"Two_days_before_Last_Day_-_Date":{"runAfter":{"Day_for_last_Date_of_Month":["Succeeded"]},"metadata":{"operationMetadataId":"ff489e32-18b3-47d8-b334-bd42dbd6c550"},"type":"InitializeVariable","inputs":{"variables":[{"name":"2DayBeforeLastDay","type":"string","value":"@{formatDateTime(addDays(variables('lastDayCurrentMonth'),-2))}"}]}},"Two_Days_Before_Last_Day_-_Day":{"runAfter":{"Two_days_before_Last_Day_-_Date":["Succeeded"]},"metadata":{"operationMetadataId":"44f9ebb3-2d6d-48c5-82c1-4f44ed22e0d0"},"type":"InitializeVariable","inputs":{"variables":[{"name":"Day2DBLT","type":"integer","value":"@dayOfWeek(variables('2DayBeforeLastDay'))"}]}}}},"connectionReferences":{"shared_office365":{"connectionName":"27edb52d119046f1a905e5076aed8c18","source":"Embedded","id":"/providers/Microsoft.PowerApps/apis/shared_office365","tier":"NotSpecified"}},"flowFailureAlertSubscribed":false,"isManaged":false}}