{"name":"e1d1e6df-0b2f-4cd4-91fc-cab6c44bac84","id":"/providers/Microsoft.Flow/flows/e1d1e6df-0b2f-4cd4-91fc-cab6c44bac84","type":"Microsoft.Flow/flows","properties":{"apiId":"/providers/Microsoft.PowerApps/apis/shared_logicflows","displayName":"Condition Test","definition":{"metadata":{"workflowEntityId":null,"processAdvisorMetadata":null,"flowclientsuspensionreason":"None","flowclientsuspensiontime":null,"flowclientsuspensionreasondetails":null,"creator":{"id":"69f6bffa-1b70-4014-8065-322a9dd10c2d","type":"User","tenantId":"cb8d0f5e-295e-44f1-8cab-184ae827c864"},"provisioningMethod":"FromDefinition","failureAlertSubscription":true,"clientLastModifiedTime":"2022-09-30T11:26:22.2320026Z"},"$schema":"https://schema.management.azure.com/providers/Microsoft.Logic/schemas/2016-06-01/workflowdefinition.json#","contentVersion":"1.0.0.0","parameters":{"$connections":{"defaultValue":{},"type":"Object"},"$authentication":{"defaultValue":{},"type":"SecureObject"}},"triggers":{"manual":{"metadata":{"operationMetadataId":"58b34945-4f60-4e79-9c45-63efdae54d8a"},"type":"Request","kind":"Button","inputs":{"schema":{"type":"object","properties":{"date":{"title":"Trigger date","type":"string","format":"date","x-ms-dynamically-added":true,"description":"Please enter or select a date (YYYY-MM-DD)","x-ms-content-hint":"DATE"}},"required":["date"]}}}},"actions":{"Condition":{"actions":{"Send_me_an_email_notification":{"runAfter":{},"metadata":{"operationMetadataId":"88d58233-1126-4dc2-b74e-2e99788534af"},"type":"OpenApiConnection","inputs":{"host":{"apiId":"/providers/Microsoft.PowerApps/apis/shared_flowpush","connectionName":"shared_flowpush","operationId":"SendEmailNotification"},"parameters":{"NotificationEmailDefinition/notificationSubject":"The selected date is of past.","NotificationEmailDefinition/notificationBody":"The trigger date was: @{triggerBody()['date']}"},"authentication":{"value":"@json(decodeBase64(triggerOutputs().headers['X-MS-APIM-Tokens']))['$ConnectionKey']","type":"Raw"}}}},"runAfter":{},"else":{"actions":{"Send_me_an_email_notification_2":{"runAfter":{},"metadata":{"operationMetadataId":"db765537-4ba6-423d-9d0d-867472f686fa"},"type":"OpenApiConnection","inputs":{"host":{"apiId":"/providers/Microsoft.PowerApps/apis/shared_flowpush","connectionName":"shared_flowpush","operationId":"SendEmailNotification"},"parameters":{"NotificationEmailDefinition/notificationSubject":"The selected date is of future.","NotificationEmailDefinition/notificationBody":"The trigger date was: @{triggerBody()['date']}"},"authentication":{"value":"@json(decodeBase64(triggerOutputs().headers['X-MS-APIM-Tokens']))['$ConnectionKey']","type":"Raw"}}}}},"expression":{"less":["@triggerBody()['date']","@utcNow()"]},"metadata":{"operationMetadataId":"e95e69d4-0e70-491f-a122-9e6c64fb0953"},"type":"If"}}},"connectionReferences":{"shared_flowpush":{"connectionName":"shared-flowpush-4ac3c4a9-c31f-46b8-bcea-3baea590e3ad","source":"Invoker","id":"/providers/Microsoft.PowerApps/apis/shared_flowpush","tier":"NotSpecified"}},"flowFailureAlertSubscribed":false,"isManaged":false}}