<ImportExportXml version="9.2.22091.212" SolutionPackageVersion="9.2" languagecode="1033" generatedBy="CrmLive" xmlns:xsi="http://www.w3.org/2001/XMLSchema-instance">
  <SolutionManifest>
    <UniqueName>BPFPlayground</UniqueName>
    <LocalizedNames>
      <LocalizedName description="BPF Playground" languagecode="1033" />
    </LocalizedNames>
    <Descriptions />
    <Version>1.0.0.1</Version>
    <Managed>0</Managed>
    <Publisher>
      <UniqueName>BPF_PlaygroundPublisher</UniqueName>
      <LocalizedNames>
        <LocalizedName description="BPF Playground Publisher" languagecode="1033" />
      </LocalizedNames>
      <Descriptions />
      <EMailAddress xsi:nil="true"></EMailAddress>
      <SupportingWebsiteUrl xsi:nil="true"></SupportingWebsiteUrl>
      <CustomizationPrefix>bpf</CustomizationPrefix>
      <CustomizationOptionValuePrefix>75976</CustomizationOptionValuePrefix>
      <Addresses>
        <Address>
          <AddressNumber>1</AddressNumber>
          <AddressTypeCode>1</AddressTypeCode>
          <City xsi:nil="true"></City>
          <County xsi:nil="true"></County>
          <Country xsi:nil="true"></Country>
          <Fax xsi:nil="true"></Fax>
          <FreightTermsCode xsi:nil="true"></FreightTermsCode>
          <ImportSequenceNumber xsi:nil="true"></ImportSequenceNumber>
          <Latitude xsi:nil="true"></Latitude>
          <Line1 xsi:nil="true"></Line1>
          <Line2 xsi:nil="true"></Line2>
          <Line3 xsi:nil="true"></Line3>
          <Longitude xsi:nil="true"></Longitude>
          <Name xsi:nil="true"></Name>
          <PostalCode xsi:nil="true"></PostalCode>
          <PostOfficeBox xsi:nil="true"></PostOfficeBox>
          <PrimaryContactName xsi:nil="true"></PrimaryContactName>
          <ShippingMethodCode>1</ShippingMethodCode>
          <StateOrProvince xsi:nil="true"></StateOrProvince>
          <Telephone1 xsi:nil="true"></Telephone1>
          <Telephone2 xsi:nil="true"></Telephone2>
          <Telephone3 xsi:nil="true"></Telephone3>
          <TimeZoneRuleVersionNumber xsi:nil="true"></TimeZoneRuleVersionNumber>
          <UPSZone xsi:nil="true"></UPSZone>
          <UTCOffset xsi:nil="true"></UTCOffset>
          <UTCConversionTimeZoneCode xsi:nil="true"></UTCConversionTimeZoneCode>
        </Address>
        <Address>
          <AddressNumber>2</AddressNumber>
          <AddressTypeCode>1</AddressTypeCode>
          <City xsi:nil="true"></City>
          <County xsi:nil="true"></County>
          <Country xsi:nil="true"></Country>
          <Fax xsi:nil="true"></Fax>
          <FreightTermsCode xsi:nil="true"></FreightTermsCode>
          <ImportSequenceNumber xsi:nil="true"></ImportSequenceNumber>
          <Latitude xsi:nil="true"></Latitude>
          <Line1 xsi:nil="true"></Line1>
          <Line2 xsi:nil="true"></Line2>
          <Line3 xsi:nil="true"></Line3>
          <Longitude xsi:nil="true"></Longitude>
          <Name xsi:nil="true"></Name>
          <PostalCode xsi:nil="true"></PostalCode>
          <PostOfficeBox xsi:nil="true"></PostOfficeBox>
          <PrimaryContactName xsi:nil="true"></PrimaryContactName>
          <ShippingMethodCode>1</ShippingMethodCode>
          <StateOrProvince xsi:nil="true"></StateOrProvince>
          <Telephone1 xsi:nil="true"></Telephone1>
          <Telephone2 xsi:nil="true"></Telephone2>
          <Telephone3 xsi:nil="true"></Telephone3>
          <TimeZoneRuleVersionNumber xsi:nil="true"></TimeZoneRuleVersionNumber>
          <UPSZone xsi:nil="true"></UPSZone>
          <UTCOffset xsi:nil="true"></UTCOffset>
          <UTCConversionTimeZoneCode xsi:nil="true"></UTCConversionTimeZoneCode>
        </Address>
      </Addresses>
    </Publisher>
    <RootComponents>
      <RootComponent type="1" schemaName="bpf_accidenttable" behavior="0" />
      <RootComponent type="1" schemaName="bpf_customercheckin" behavior="0" />
      <RootComponent type="1" schemaName="bpf_employeetable" behavior="0" />
      <RootComponent type="1" schemaName="bpf_locationtable" behavior="0" />
      <RootComponent type="1" schemaName="bpf_smogchecking" behavior="0" />
      <RootComponent type="1" schemaName="bpf_typeofaccidenttable" behavior="0" />
      <RootComponent type="1" schemaName="cr139_bpf_accidentrecording" behavior="0" />
      <RootComponent type="9" schemaName="bpf_accidentseverity" behavior="0" />
      <RootComponent type="9" schemaName="bpf_smogcheckpaymentmethod" behavior="0" />
      <RootComponent type="9" schemaName="bpf_smoglocationchoice" behavior="0" />
      <RootComponent type="29" id="{624c55aa-9a44-ed11-bba1-000d3a338331}" behavior="0" />
      <RootComponent type="29" id="{e7c1ed5a-9369-ec11-8943-00224809de60}" behavior="0" />
      <RootComponent type="62" schemaName="bpf_AccidentTrackerApp" behavior="0" />
      <RootComponent type="62" schemaName="bpf_SmogCheckingApp" behavior="0" />
      <RootComponent type="80" schemaName="bpf_AccidentTrackerApp" behavior="0" />
      <RootComponent type="80" schemaName="bpf_SmogCheckingApp" behavior="0" />
      <RootComponent type="431" schemaName="bpf_employeetable bpf_employeeimage" behavior="0" />
      <RootComponent type="432" schemaName="bpf_employeetable" behavior="0" />
    </RootComponents>
    <MissingDependencies>
      <MissingDependency>
        <Required type="1" schemaName="bpf_accidentrecording" displayName="Accident Recording" solution="Active" />
        <Dependent type="1" schemaName="bpf_accidenttable" displayName="AccidentTable" />
      </MissingDependency>
      <MissingDependency>
        <Required type="1" schemaName="cr139_accidenttable" displayName="AccidentTable" solution="Active" />
        <Dependent type="10" schemaName="bpf_cr139_accidenttable_cr139_bpf_accidentrecording" displayName="bpf_cr139_accidenttable_cr139_bpf_accidentrecording" parentSchemaName="cr139_accidenttable" parentDisplayName="AccidentTable" />
      </MissingDependency>
      <MissingDependency>
        <Required type="1" schemaName="cr139_accidenttable" displayName="AccidentTable" solution="Active" />
        <Dependent type="26" schemaName="Active BPF_AccidentRecording on my AccidentTables" displayName="Active BPF_AccidentRecording on my AccidentTables" parentSchemaName="cr139_bpf_accidentrecording" parentDisplayName="BPF_AccidentRecording" id="{6de58d73-6076-49a5-a3d0-6c2618806243}" />
      </MissingDependency>
      <MissingDependency>
        <Required type="1" schemaName="cr139_accidenttable" displayName="AccidentTable" solution="Active" />
        <Dependent type="26" schemaName="Inactive BPF_AccidentRecording on my AccidentTables" displayName="Inactive BPF_AccidentRecording on my AccidentTables" parentSchemaName="cr139_bpf_accidentrecording" parentDisplayName="BPF_AccidentRecording" id="{930be15f-aca2-4ddc-8572-439403c687ce}" />
      </MissingDependency>
      <MissingDependency>
        <Required type="1" schemaName="cr139_accidenttable" displayName="AccidentTable" solution="Active" />
        <Dependent type="29" displayName="BPF_AccidentRecording" id="{e7c1ed5a-9369-ec11-8943-00224809de60}" />
      </MissingDependency>
      <MissingDependency>
        <Required type="2" schemaName="cr139_accidentdate" displayName="AccidentDate" parentSchemaName="cr139_accidenttable" parentDisplayName="AccidentTable" solution="Active" />
        <Dependent type="29" displayName="BPF_AccidentRecording" id="{e7c1ed5a-9369-ec11-8943-00224809de60}" />
      </MissingDependency>
      <MissingDependency>
        <Required type="2" schemaName="cr139_accidentdate" displayName="AccidentDate" parentSchemaName="cr139_accidenttable" parentDisplayName="AccidentTable" solution="Active" />
        <Dependent type="60" displayName="Information" parentDisplayName="BPF_AccidentRecording" id="{520ae1f8-32db-4b2f-9e02-22c7067c75df}" />
      </MissingDependency>
      <MissingDependency>
        <Required type="2" schemaName="cr139_accidentdescription" displayName="AccidentDescription" parentSchemaName="cr139_accidenttable" parentDisplayName="AccidentTable" solution="Active" />
        <Dependent type="29" displayName="BPF_AccidentRecording" id="{e7c1ed5a-9369-ec11-8943-00224809de60}" />
      </MissingDependency>
      <MissingDependency>
        <Required type="2" schemaName="cr139_accidentdescription" displayName="AccidentDescription" parentSchemaName="cr139_accidenttable" parentDisplayName="AccidentTable" solution="Active" />
        <Dependent type="60" displayName="Information" parentDisplayName="BPF_AccidentRecording" id="{520ae1f8-32db-4b2f-9e02-22c7067c75df}" />
      </MissingDependency>
      <MissingDependency>
        <Required type="2" schemaName="cr139_accidentid" displayName="AccidentId" parentSchemaName="cr139_accidenttable" parentDisplayName="AccidentTable" solution="Active" />
        <Dependent type="10" schemaName="bpf_cr139_accidenttable_cr139_bpf_accidentrecording" displayName="bpf_cr139_accidenttable_cr139_bpf_accidentrecording" parentSchemaName="cr139_accidenttable" parentDisplayName="AccidentTable" />
      </MissingDependency>
      <MissingDependency>
        <Required type="2" schemaName="cr139_accidentid" displayName="AccidentId" parentSchemaName="cr139_accidenttable" parentDisplayName="AccidentTable" solution="Active" />
        <Dependent type="29" displayName="BPF_AccidentRecording" id="{e7c1ed5a-9369-ec11-8943-00224809de60}" />
      </MissingDependency>
      <MissingDependency>
        <Required type="2" schemaName="cr139_accidenttableid" displayName="AccidentTable" parentSchemaName="cr139_accidenttable" parentDisplayName="AccidentTable" solution="Active" />
        <Dependent type="10" schemaName="bpf_cr139_accidenttable_cr139_bpf_accidentrecording" displayName="bpf_cr139_accidenttable_cr139_bpf_accidentrecording" parentSchemaName="cr139_accidenttable" parentDisplayName="AccidentTable" />
      </MissingDependency>
      <MissingDependency>
        <Required type="2" schemaName="cr139_accidenttableid" displayName="AccidentTable" parentSchemaName="cr139_accidenttable" parentDisplayName="AccidentTable" solution="Active" />
        <Dependent type="26" schemaName="Active BPF_AccidentRecording on my AccidentTables" displayName="Active BPF_AccidentRecording on my AccidentTables" parentSchemaName="cr139_bpf_accidentrecording" parentDisplayName="BPF_AccidentRecording" id="{6de58d73-6076-49a5-a3d0-6c2618806243}" />
      </MissingDependency>
      <MissingDependency>
        <Required type="2" schemaName="cr139_accidenttableid" displayName="AccidentTable" parentSchemaName="cr139_accidenttable" parentDisplayName="AccidentTable" solution="Active" />
        <Dependent type="26" schemaName="Inactive BPF_AccidentRecording on my AccidentTables" displayName="Inactive BPF_AccidentRecording on my AccidentTables" parentSchemaName="cr139_bpf_accidentrecording" parentDisplayName="BPF_AccidentRecording" id="{930be15f-aca2-4ddc-8572-439403c687ce}" />
      </MissingDependency>
      <MissingDependency>
        <Required type="2" schemaName="cr139_accidenttableid" displayName="AccidentTable" parentSchemaName="cr139_accidenttable" parentDisplayName="AccidentTable" solution="Active" />
        <Dependent type="29" displayName="BPF_AccidentRecording" id="{e7c1ed5a-9369-ec11-8943-00224809de60}" />
      </MissingDependency>
      <MissingDependency>
        <Required type="2" schemaName="cr139_accidenttypeid" displayName="AccidentTypeId" parentSchemaName="cr139_accidenttable" parentDisplayName="AccidentTable" solution="Active" />
        <Dependent type="29" displayName="BPF_AccidentRecording" id="{e7c1ed5a-9369-ec11-8943-00224809de60}" />
      </MissingDependency>
      <MissingDependency>
        <Required type="2" schemaName="cr139_accidenttypeid" displayName="AccidentTypeId" parentSchemaName="cr139_accidenttable" parentDisplayName="AccidentTable" solution="Active" />
        <Dependent type="60" displayName="Information" parentDisplayName="BPF_AccidentRecording" id="{520ae1f8-32db-4b2f-9e02-22c7067c75df}" />
      </MissingDependency>
      <MissingDependency>
        <Required type="2" schemaName="cr139_locationid" displayName="LocationId" parentSchemaName="cr139_accidenttable" parentDisplayName="AccidentTable" solution="Active" />
        <Dependent type="29" displayName="BPF_AccidentRecording" id="{e7c1ed5a-9369-ec11-8943-00224809de60}" />
      </MissingDependency>
      <MissingDependency>
        <Required type="2" schemaName="cr139_locationid" displayName="LocationId" parentSchemaName="cr139_accidenttable" parentDisplayName="AccidentTable" solution="Active" />
        <Dependent type="60" displayName="Information" parentDisplayName="BPF_AccidentRecording" id="{520ae1f8-32db-4b2f-9e02-22c7067c75df}" />
      </MissingDependency>
      <MissingDependency>
        <Required type="2" schemaName="cr139_managercomments" displayName="ManagerComments" parentSchemaName="cr139_accidenttable" parentDisplayName="AccidentTable" solution="Active" />
        <Dependent type="29" displayName="BPF_AccidentRecording" id="{e7c1ed5a-9369-ec11-8943-00224809de60}" />
      </MissingDependency>
      <MissingDependency>
        <Required type="2" schemaName="cr139_managercomments" displayName="ManagerComments" parentSchemaName="cr139_accidenttable" parentDisplayName="AccidentTable" solution="Active" />
        <Dependent type="60" displayName="Information" parentDisplayName="BPF_AccidentRecording" id="{520ae1f8-32db-4b2f-9e02-22c7067c75df}" />
      </MissingDependency>
      <MissingDependency>
        <Required type="2" schemaName="cr139_managerreviewed" displayName="ManagerReviewed" parentSchemaName="cr139_accidenttable" parentDisplayName="AccidentTable" solution="Active" />
        <Dependent type="29" displayName="BPF_AccidentRecording" id="{e7c1ed5a-9369-ec11-8943-00224809de60}" />
      </MissingDependency>
      <MissingDependency>
        <Required type="2" schemaName="cr139_managerreviewed" displayName="ManagerReviewed" parentSchemaName="cr139_accidenttable" parentDisplayName="AccidentTable" solution="Active" />
        <Dependent type="60" displayName="Information" parentDisplayName="BPF_AccidentRecording" id="{520ae1f8-32db-4b2f-9e02-22c7067c75df}" />
      </MissingDependency>
      <MissingDependency>
        <Required type="2" schemaName="ownerid" displayName="Owner" parentSchemaName="cr139_accidenttable" parentDisplayName="AccidentTable" solution="Active" />
        <Dependent type="26" schemaName="Active BPF_AccidentRecording on my AccidentTables" displayName="Active BPF_AccidentRecording on my AccidentTables" parentSchemaName="cr139_bpf_accidentrecording" parentDisplayName="BPF_AccidentRecording" id="{6de58d73-6076-49a5-a3d0-6c2618806243}" />
      </MissingDependency>
      <MissingDependency>
        <Required type="2" schemaName="ownerid" displayName="Owner" parentSchemaName="cr139_accidenttable" parentDisplayName="AccidentTable" solution="Active" />
        <Dependent type="26" schemaName="Inactive BPF_AccidentRecording on my AccidentTables" displayName="Inactive BPF_AccidentRecording on my AccidentTables" parentSchemaName="cr139_bpf_accidentrecording" parentDisplayName="BPF_AccidentRecording" id="{930be15f-aca2-4ddc-8572-439403c687ce}" />
      </MissingDependency>
      <MissingDependency>
        <Required type="61" schemaName="msdyn_/Images/AppModule_Default_Icon.png" displayName="msdyn_/Images/AppModule_Default_Icon.png" solution="AppModuleWebResources (2.5)" />
        <Dependent type="80" schemaName="bpf_AccidentTrackerApp" displayName="Accident Tracker App" />
      </MissingDependency>
      <MissingDependency>
        <Required type="61" schemaName="msdyn_/Images/AppModule_Default_Icon.png" displayName="msdyn_/Images/AppModule_Default_Icon.png" solution="AppModuleWebResources (2.5)" />
        <Dependent type="80" schemaName="bpf_SmogCheckingApp" displayName="Smog Checking App" />
      </MissingDependency>
    </MissingDependencies>
  </SolutionManifest>
</ImportExportXml>