{"schemaVersion":"1.0","appDefinitionTemplate":{"id":"/providers/Microsoft.PowerApps/apps/","type":"Microsoft.PowerApps/apps","tags":{"primaryDeviceWidth":"640","primaryDeviceHeight":"1136","supportsPortrait":"true","supportsLandscape":"true","primaryFormFactor":"Phone","publisherVersion":"3.22091.11","minimumRequiredApiVersion":"2.2.0","hasComponent":"false","hasUnlockedComponent":"false","isUnifiedRootApp":"false","sienaVersion":"20220927T130459Z-3.22091.11.0"},"properties":{"appVersion":"2022-09-27T13:04:59Z","lifeCycleId":"Published","createdByClientVersion":{"major":3,"minor":22091,"build":11,"revision":0,"majorRevision":0,"minorRevision":0},"minClientVersion":{"major":3,"minor":22091,"build":11,"revision":0,"majorRevision":0,"minorRevision":0},"backgroundColor":"RGBA(0,176,240,1)","backgroundImageUri":"/11645673775456404882/N5b3bdacc-b434-4971-ae4b-3a5700973a37-logoSmallFile","displayName":"Flooring App","description":"","commitMessage":"","appUris":{"documentUri":{"value":"/11645673775456404882/N07bbd1ae-a405-4da2-8d2b-0b4893bda72a-document.msapp"},"imageUris":[],"additionalUris":[]},"createdTime":"0001-01-01T00:00:00Z","lastModifiedTime":"0001-01-01T00:00:00Z","sharedGroupsCount":0,"sharedUsersCount":0,"icons":{"smallIconUri":"/11645673775456404882/Ne90505ba-4098-4bae-bcee-7cd4d421e232-small.png","mediumIconUri":"/11645673775456404882/N2f9df355-6005-4b85-8ba9-a429199bbe15-medium.png","largeIconUri":"/11645673775456404882/Nd22c96ab-12f1-4bed-9f0d-09f8b1a4774b-large.png","wideIconUri":"/11645673775456404882/Nf31dd053-efe7-4939-9f33-076faab1a0f2-wide.png"},"connectionReferences":{"9af06b3c-b2ed-4049-897c-a90204711d1a":{"id":"0f9854db-c2ab-4e69-a9cb-124fd25de80c","displayName":"Excel","iconUri":"https://connectoricons-prod.azureedge.net/releases/v1.0.1599/1.0.1599.3017/excel/icon.png","dataSources":["FlooringEstimates"],"dependencies":["a3335d37-5bdd-4f02-bf0b-8549d07bc92f"],"dependents":[],"parameterHints":{"a3335d37-5bdd-4f02-bf0b-8549d07bc92f":{"value":"fileSource"}},"parameterHintsV2":{"fileSource":{"value":"a3335d37-5bdd-4f02-bf0b-8549d07bc92f"}},"isOnPremiseConnection":false,"bypassConsent":false,"dataSets":{"b!-jBZeipfH0ufbP18ovVmSOllqRZ3p-9No1y3SMVzSENVvA9Lixd8Tp8Hq-qgqHUN.01JDGP3EUMDCUMVBNO7ZD2KR6EFMFDVFRR":{"dataSources":{"FlooringEstimates":{"tableName":"FlooringEstimates"}}}},"apiTier":"Standard","isCustomApiConnection":false,"actions":["providers/PowerPlatform.Governance/Operations/Read","providers/PowerPlatform.Governance/Operations/Write","providers/PowerPlatform.Governance/Operations/Delete"]},"a3335d37-5bdd-4f02-bf0b-8549d07bc92f":{"id":"77742b21-a11c-4ea9-bb54-02200dbe2b4e","displayName":"OneDrive for Business","iconUri":"https://connectoricons-prod.azureedge.net/releases/v1.0.1546/1.0.1546.2665/onedriveforbusiness/icon.png","dataSources":[],"dependencies":[],"dependents":["9af06b3c-b2ed-4049-897c-a90204711d1a"],"parameterHints":{},"parameterHintsV2":{},"isOnPremiseConnection":false,"bypassConsent":false,"dataSets":{},"apiTier":"Standard","isCustomApiConnection":false},"f8fcd5ac-e536-4e1b-940a-a9259c16e20c":{"id":"8d717c74-cb41-4daf-8d03-4ab00107fdf7","displayName":"Office 365 Outlook","iconUri":"https://connectoricons-prod.azureedge.net/releases/v1.0.1599/1.0.1599.3017/office365/icon.png","dataSources":["Office365Outlook"],"dependencies":[],"dependents":[],"parameterHints":{},"parameterHintsV2":{},"isOnPremiseConnection":false,"bypassConsent":false,"dataSets":{},"apiTier":"Standard","isCustomApiConnection":false},"d439c872-1c14-47e1-b4c4-215523f854ea":{"id":"a1ca767b-d5f2-40bd-887d-e7e571442649","displayName":"Office 365 Users","iconUri":"https://connectoricons-prod.azureedge.net/releases/v1.0.1593/1.0.1593.2980/office365users/icon.png","dataSources":["Office365Users"],"dependencies":[],"dependents":[],"parameterHints":{},"parameterHintsV2":{},"isOnPremiseConnection":false,"bypassConsent":false,"dataSets":{},"apiTier":"Standard","isCustomApiConnection":false}},"databaseReferences":{},"almMode":"Environment","performanceOptimizationEnabled":true,"canConsumeAppPass":true,"enableModernRuntimeMode":false,"executionRestrictions":{"isTeamsOnly":false,"dataLossPreventionEvaluationResult":{"status":"Compliant","lastEvaluationDate":"2022-09-26T13:31:39.4729405Z","violations":[],"violationsByPolicy":[],"violationErrorMessage":"The app uses the following connectors: shared_excel, shared_onedriveforbusiness."}}},"appType":"ClassicCanvasApp","appComponents":[]}}