{"schemaVersion":"1.0","appDefinitionTemplate":{"id":"/providers/Microsoft.PowerApps/apps/","type":"Microsoft.PowerApps/apps","tags":{"primaryDeviceWidth":"640","primaryDeviceHeight":"1136","supportsPortrait":"true","supportsLandscape":"true","primaryFormFactor":"Phone","publisherVersion":"3.22091.11","minimumRequiredApiVersion":"2.2.0","hasComponent":"false","hasUnlockedComponent":"false","isUnifiedRootApp":"false","sienaVersion":"20220928T082326Z-3.22091.11.0"},"properties":{"appVersion":"2022-09-28T08:23:26Z","lifeCycleId":"Published","createdByClientVersion":{"major":3,"minor":22091,"build":11,"revision":0,"majorRevision":0,"minorRevision":0},"minClientVersion":{"major":3,"minor":22091,"build":11,"revision":0,"majorRevision":0,"minorRevision":0},"backgroundColor":"RGBA(0,176,240,1)","backgroundImageUri":"/12885070891965854169/N5c0982ec-7b3d-40dc-b704-8cb23ef89abe-logoSmallFile","displayName":"Event Reservation App","description":"","commitMessage":"","appUris":{"documentUri":{"value":"/12885070891965854169/N0e7c703d-1395-4026-9be3-7993d6e53280-document.msapp"},"imageUris":[],"additionalUris":[]},"createdTime":"0001-01-01T00:00:00Z","lastModifiedTime":"0001-01-01T00:00:00Z","sharedGroupsCount":0,"sharedUsersCount":0,"icons":{"smallIconUri":"/12885070891965854169/N1ec7e287-8ee1-4e4d-a3cf-723ac7812c38-small.png","mediumIconUri":"/12885070891965854169/Nc9b06b1e-e9fe-4c6b-bd88-bc7a809e8ee8-medium.png","largeIconUri":"/12885070891965854169/N4eec7726-bdcc-47b6-a702-fb78bc58a641-large.png","wideIconUri":"/12885070891965854169/N52e03d05-4df1-4efb-8d29-8e8d1cc82e32-wide.png"},"connectionReferences":{},"databaseReferences":{"default.cds":{"databaseDetails":{"referenceType":"NotSpecified","environmentName":"default.cds","overrideValues":{"status":"NotSpecified"}},"dataSources":{"Events":{"entitySetName":"cr675_events","logicalName":"cr675_event"},"Halls":{"entitySetName":"cr675_halls","logicalName":"cr675_hall"},"Contacts":{"entitySetName":"contacts","logicalName":"contact"}},"actions":["providers/PowerPlatform.Governance/Operations/Read"]}},"almMode":"Environment","performanceOptimizationEnabled":true,"canConsumeAppPass":true,"enableModernRuntimeMode":false,"executionRestrictions":{"isTeamsOnly":false,"dataLossPreventionEvaluationResult":{"status":"Compliant","lastEvaluationDate":"2022-09-28T08:23:43.6934429Z","violations":[],"violationsByPolicy":[],"violationErrorMessage":"The app uses the following connectors: shared_commondataservice."}}},"appType":"ClassicCanvasApp","appComponents":[]}}