{"name":"8b1f3ee0-cc6a-4151-aff8-4dc0d7fc8d8b","id":"/providers/Microsoft.Flow/flows/8b1f3ee0-cc6a-4151-aff8-4dc0d7fc8d8b","type":"Microsoft.Flow/flows","properties":{"apiId":"/providers/Microsoft.PowerApps/apis/shared_logicflows","displayName":"Data Operations","definition":{"metadata":{"workflowEntityId":null,"processAdvisorMetadata":null,"flowclientsuspensionreason":"None","flowclientsuspensiontime":null,"flowclientsuspensionreasondetails":null,"creator":{"id":"69f6bffa-1b70-4014-8065-322a9dd10c2d","type":"User","tenantId":"cb8d0f5e-295e-44f1-8cab-184ae827c864"},"provisioningMethod":"FromDefinition","failureAlertSubscription":true,"clientLastModifiedTime":"2022-09-30T12:33:46.8346812Z"},"$schema":"https://schema.management.azure.com/providers/Microsoft.Logic/schemas/2016-06-01/workflowdefinition.json#","contentVersion":"1.0.0.0","parameters":{"$connections":{"defaultValue":{},"type":"Object"},"$authentication":{"defaultValue":{},"type":"SecureObject"}},"triggers":{"manual":{"metadata":{"operationMetadataId":"7e506711-bd09-43a8-bf19-e6438fc5d065"},"type":"Request","kind":"Button","inputs":{"schema":{"type":"object","properties":{},"required":[]}}}},"actions":{"Compose":{"runAfter":{},"metadata":{"operationMetadataId":"c185d05c-4bc2-4404-bf52-f292c3b788d5"},"type":"Compose","inputs":[{"first":"Adele","last":"Vance","department":"Admin"},{"first":"Alex","last":"Wilber","department":"Sales"},{"first":"Cameron","last":"White","department":"Sales"},{"first":"Diego","last":"Siciliani","department":"Sales"},{"first":"Elizabeth","last":"Moore","department":"Marketing"},{"first":"Eugenia","last":"Lopez","department":"Sales"},{"first":"Grady","last":"Archie","department":"Marketing"},{"first":"Nestor","last":"Wilke","department":"Admin"},{"first":"Patti","last":"Fernandez","department":"Sales"},{"first":"Raul","last":"Razo","department":"Sales"}]},"Parse_JSON":{"runAfter":{"Compose":["Succeeded"]},"metadata":{"operationMetadataId":"12e16258-c285-4bf1-920f-ed3696849b25"},"type":"ParseJson","inputs":{"content":"@outputs('Compose')","schema":{"type":"array","items":{"type":"object","properties":{"first":{"type":"string"},"last":{"type":"string"},"department":{"type":"string"}},"required":["first","last","department"]}}}},"Select":{"runAfter":{"Parse_JSON":["Succeeded"]},"metadata":{"operationMetadataId":"042b02f5-0023-43be-aa1c-abeff1d9de7c"},"type":"Select","inputs":{"from":"@body('Parse_JSON')","select":{"firstName":"@item()['first']","familyName":"@item()['last']","fullName":"@{item()['first']} @{item()['last']}","department":"@item()['department']"}}},"Filter_array":{"runAfter":{"Select":["Succeeded"]},"metadata":{"operationMetadataId":"57fdc67d-1dab-4039-895a-9d4b7fa73f13"},"type":"Query","inputs":{"from":"@body('Select')","where":"@equals(item()['Department'], 'Sales')"}},"Create_CSV_table":{"runAfter":{"Filter_array":["Succeeded"]},"metadata":{"operationMetadataId":"bc3ef8db-9250-472e-95b9-5efaadd581b8"},"type":"Table","inputs":{"from":"@body('Filter_array')","format":"CSV"}},"Create_HTML_table":{"runAfter":{"Create_CSV_table":["Succeeded"]},"metadata":{"operationMetadataId":"60c8341d-e50a-47b1-885c-8cfe78eba74d"},"type":"Table","inputs":{"from":"@body('Filter_array')","format":"HTML"}},"Create_file":{"runAfter":{"Create_HTML_table":["Succeeded"]},"metadata":{"operationMetadataId":"f2dca800-db2e-49fa-b204-649e0d1aab39"},"type":"OpenApiConnection","inputs":{"host":{"apiId":"/providers/Microsoft.PowerApps/apis/shared_onedriveforbusiness","connectionName":"shared_onedriveforbusiness","operationId":"CreateFile"},"parameters":{"folderPath":"/Email attachments from Power Automate","name":"Sales Record.csv","body":"@body('Create_CSV_table')"},"authentication":{"value":"@json(decodeBase64(triggerOutputs().headers['X-MS-APIM-Tokens']))['$ConnectionKey']","type":"Raw"}},"runtimeConfiguration":{"contentTransfer":{"transferMode":"Chunked"}}},"Number_Array":{"runAfter":{"Create_file":["Succeeded"]},"metadata":{"operationMetadataId":"4a2b63c9-8c0c-4ee6-a2d7-a653e8775a33"},"type":"Compose","inputs":[0,1,2,3,4,5,6,7,8,9]},"Join":{"runAfter":{"Number_Array":["Succeeded"]},"metadata":{"operationMetadataId":"07e4f3e3-fcb6-430f-b054-fbe8809e796e"},"type":"Join","inputs":{"from":[0,1,2,3,4,5,6,7,8,9],"joinWith":";"}},"Select_2":{"runAfter":{"Join":["Succeeded"]},"metadata":{"operationMetadataId":"edfd73ac-060e-4e3c-89fc-fa7d9db94a48"},"type":"Select","inputs":{"from":"@outputs('Number_Array')","select":{"Numbers":"@outputs('Number_Array')"}}}}},"connectionReferences":{"shared_onedriveforbusiness":{"connectionName":"2d6365ae8086451da81103de9a95c2f6","source":"Invoker","id":"/providers/Microsoft.PowerApps/apis/shared_onedriveforbusiness","tier":"NotSpecified"}},"flowFailureAlertSubscribed":false,"isManaged":false}}