{"name":"7a37ade1-8060-4cbd-ad87-3107753d58de","id":"/providers/Microsoft.Flow/flows/7a37ade1-8060-4cbd-ad87-3107753d58de","type":"Microsoft.Flow/flows","properties":{"apiId":"/providers/Microsoft.PowerApps/apis/shared_logicflows","displayName":"Variables","definition":{"metadata":{"workflowEntityId":null,"processAdvisorMetadata":null,"flowclientsuspensionreason":"None","flowclientsuspensiontime":null,"flowclientsuspensionreasondetails":null,"creator":{"id":"69f6bffa-1b70-4014-8065-322a9dd10c2d","type":"User","tenantId":"cb8d0f5e-295e-44f1-8cab-184ae827c864"},"provisioningMethod":"FromDefinition","failureAlertSubscription":true,"clientLastModifiedTime":"2022-09-30T14:39:12.4980384Z"},"$schema":"https://schema.management.azure.com/providers/Microsoft.Logic/schemas/2016-06-01/workflowdefinition.json#","contentVersion":"1.0.0.0","parameters":{"$authentication":{"defaultValue":{},"type":"SecureObject"}},"triggers":{"manual":{"metadata":{"operationMetadataId":"5cde2a8d-575e-4b0b-b255-dbdb15a65ade"},"type":"Request","kind":"Button","inputs":{"schema":{"type":"object","properties":{},"required":[]}}}},"actions":{"Count_Int_Var":{"runAfter":{},"metadata":{"operationMetadataId":"8e52464a-67ee-488d-bc65-5e3c25e0066d"},"type":"InitializeVariable","inputs":{"variables":[{"name":"count","type":"integer","value":0}]}},"Increment_variable":{"runAfter":{"Array_String_Var":["Succeeded"]},"metadata":{"operationMetadataId":"0976b5ae-cb3d-4883-beb5-f5823ce425e3"},"type":"IncrementVariable","inputs":{"name":"count","value":1}},"Increment_variable_2":{"runAfter":{"Increment_variable":["Succeeded"]},"metadata":{"operationMetadataId":"bae7fc6a-a1b4-4e90-88c0-d82cb5fa1b54"},"type":"IncrementVariable","inputs":{"name":"count","value":1}},"Decrement_variable":{"runAfter":{"Increment_variable_2":["Succeeded"]},"metadata":{"operationMetadataId":"6f603765-8e0f-407e-8fcf-0a7602bc0e51"},"type":"DecrementVariable","inputs":{"name":"count","value":1}},"Condition":{"actions":{"Append_to_array_variable":{"runAfter":{},"metadata":{"operationMetadataId":"e277010a-c896-4ea9-8be5-6b99bf5a3452"},"type":"AppendToArrayVariable","inputs":{"name":"testArray","value":"@variables('count')"}},"Compose_Array":{"runAfter":{"Append_to_array_variable":["Succeeded"]},"metadata":{"operationMetadataId":"bf278c19-c514-4965-937c-553ba9d5593d"},"type":"Compose","inputs":"@variables('testArray')"}},"runAfter":{"Decrement_variable":["Succeeded"]},"else":{"actions":{"Append_to_string_variable":{"runAfter":{},"metadata":{"operationMetadataId":"7506f25e-91ac-49db-becd-aaec5b120bce"},"type":"AppendToStringVariable","inputs":{"name":"newName","value":" Khan"}},"Compose_Variable":{"runAfter":{"Append_to_string_variable":["Succeeded"]},"metadata":{"operationMetadataId":"0e22d2fc-8570-4083-b36c-9a0dec3128fe"},"type":"Compose","inputs":"@variables('newName')"}}},"expression":{"equals":["@variables('count')",1]},"metadata":{"operationMetadataId":"6c386e77-f481-41e6-aaf9-fa2b0a66d986"},"type":"If"},"Array_String_Var":{"runAfter":{"String_Variable":["Succeeded"]},"metadata":{"operationMetadataId":"701b5aad-45ff-4261-aba3-902ff970b36f"},"type":"InitializeVariable","inputs":{"variables":[{"name":"testArray","type":"array","value":["Ali","Saleem","Khalid"]}]}},"String_Variable":{"runAfter":{"Count_Int_Var":["Succeeded"]},"metadata":{"operationMetadataId":"36dd660b-c717-49de-9811-6273bd666da9"},"type":"InitializeVariable","inputs":{"variables":[{"name":"newName","type":"string","value":"Muqarib"}]}}}},"connectionReferences":{},"flowFailureAlertSubscribed":false,"isManaged":false}}