<duplicaterule uniquename="dr97cced38248ad9c851875e2abf255bcae788e600e587da5156db1bd213a6de8e">
  <baseentityname>agmuq_students</baseentityname>
  <baseentitytypecode>10594</baseentitytypecode>
  <description>Studnet ID cannot be duplicated</description>
  <excludeinactiverecords>1</excludeinactiverecords>
  <iscasesensitive>0</iscasesensitive>
  <iscustomizable>1</iscustomizable>
  <matchingentityname>agmuq_students</matchingentityname>
  <matchingentitytypecode>10594</matchingentitytypecode>
  <name>Student ID</name>
  <duplicateruleconditions>
    <duplicaterulecondition baseattributename="agmuq_name" matchingattributename="agmuq_name" operatorcode="0" uniquerulename="dr97cced38248ad9c851875e2abf255bcae788e600e587da5156db1bd213a6de8e">
      <ignoreblankvalues>1</ignoreblankvalues>
      <iscustomizable>1</iscustomizable>
    </duplicaterulecondition>
  </duplicateruleconditions>
</duplicaterule>